ID Postagem,Data,Postagem,Funcionalidade (Av1),Funcionalidade (Av2),Funcionalidade,Tipo (Av1),Tipo (Av2),Tipo,IntenÃ§Ã£o (Av1),IntenÃ§Ã£o (Av2),IntenÃ§Ã£o,AnÃ¡lise de Sentimento (Av1),AnÃ¡lise de Sentimento (Av2),AnÃ¡lise de Sentimento,Usabilidade (Av1),Usabilidade (Av2),Usabilidade,UX (Av1),UX (Av2),UX,Artefato (Av1),Artefato (Av2),Artefato,Discutir
1,22/07/2021,Aplicativo horrÃ­vel ğŸ˜”ğŸ˜”ğŸ˜”ğŸ˜”,,,,,,,,,,Negativa,,Validar,SatisfaÃ§Ã£o,,Validar,FrustraÃ§Ã£o,,Validar,,,,
2,22/07/2021,CatÃ¡logo excelente e em Agosto tem Champions League AO VIVO. TÃ´ adoro o ServiÃ§o de Streaming. ğŸ˜ğŸ˜,,,,,,,,,,Positiva,,Validar,SatisfaÃ§Ã£o,,Validar,Afeto,,Validar,,,,
3,22/07/2021,NÃ£o aceita cartÃ£o de dÃ©bito ğŸ˜¤ as reclamaÃ§Ãµes.,,,,,,,,,,Negativa,,Validar,EficiÃªncia,,Validar,FrustraÃ§Ã£o,,Validar,,,,
4,22/07/2021,"NÃ£o consigo assinar, mesmo eu mudando os cartÃµes sempre aparece o mesmo aviso ""NÃ£o foi possÃ­vel atualizar a forma de pagamento. Verifique os dados do cartÃ£o ou peÃ§a mais informaÃ§Ãµes ao seu banco."" Queria assinar antes que a promoÃ§Ã£o acabasseğŸ˜”",,,,,,,,,,Negativa,,Validar,EficÃ¡cia,,Validar,FrustraÃ§Ã£o,,Validar,,,,
5,22/07/2021,NÃ£o presta. ğŸ‘,,,,,,,,,,Negativa,,Validar,SatisfaÃ§Ã£o,,Validar,FrustraÃ§Ã£o,,Validar,,,,
6,22/07/2021,"Designer Ã³timo, sÃ³ que nÃ£o funciona o app.Ele abre e fecha sozinho, todo cheio de bug. VÃ£o resolver o problema quando? ğŸ¤—",,,,,,,,,,Negativa,,Validar,EficÃ¡cia,,Validar,EstÃ©tica,,Validar,,,,
7,22/07/2021,Fica dando erro toda vez e tem q tÃ¡ saindo e voltando no app... N gosteiâ˜¹ï¸,,,,,,,,,,Negativa,,Validar,EficiÃªncia,,Validar,FrustraÃ§Ã£o,,Validar,,,,
8,22/07/2021,"Decepcionante! Nunca dei 1 estrela para nenhum aplicativo, mas nÃ£o consigo terminar de assistir um capÃ­tulo. Se vc pausa e volta a assistir ele comeÃ§a a sair do app e nÃ£o inicia mais o capÃ­tulo. Ou vc assiste sem parar ou desiste. No meu caso desisti! ğŸ˜”",,,,,,,,,,Negativa,,Validar,EficiÃªncia,,Validar,FrustraÃ§Ã£o,,Validar,,,,
9,22/07/2021,Show ğŸ˜ğŸ˜ğŸ˜ğŸ˜,,,,,,,,,,Positiva,,Validar,SatisfaÃ§Ã£o,,Validar,SatisfaÃ§Ã£o,,Validar,,,,
10,22/07/2021,"Tem Steven Universe, pra mim estÃ¡ Ã³timo ğŸ¥°",,,,,,,,,,Positiva,,Validar,SatisfaÃ§Ã£o,,Validar,SatisfaÃ§Ã£o,,Validar,,,,
11,22/07/2021,"Fiz a conta pelo site e agora nÃ£o consigo nem logar no app ğŸ˜ peguei o plano multitelas por 13.95 e acabaram cobrando mais 5.25, disseram lÃ¡ que era desconto no primeiro mÃªs, mas nÃ£o, acabaram foi ganhando dinheiro em cima, decepcionada.",,,,,,,,,,Negativa,,Validar,EficÃ¡cia,,Validar,FrustraÃ§Ã£o,,Validar,,,,
12,22/07/2021,A opÃ§Ã£o de Ã¡udio ou legenda nÃ£o fica salvo... Toda vez que vai para outro episÃ³dio ou outro tÃ­tulo tem que ficar escolhendo o Ã¡udio e legenda. ğŸ˜”,,,,,,,,,,Negativa,,Validar,EficiÃªncia,,Validar,FrustraÃ§Ã£o,,Validar,,,,
13,22/07/2021,"Amei atÃ© o momento esse app, e pode ter toda a certeza que sera o melhor do mundo ğŸ˜â¤ muito bom mesmo e ainda mais o preÃ§o que qualquer pessoa pode pagar, Vale muito apena sim ğŸ˜ğŸ™",,,,,,,,,,Positiva,,Validar,SatisfaÃ§Ã£o,,Validar,Afeto,,Validar,,,,
14,22/07/2021,"O conteÃºdo Ã© divino, mas sempre que eu vou assistir na TV (via Chromecast) quando o episÃ³dio acaba simplesmente da um erro com o cÃ³digo: 905303. EntÃ£o eu gostaria que vocÃªs concertasem isso porque se fosse para assistir sÃ³ pelo celular eu teria assinado o ""plano bÃ¡sico"". Obrigado pela atenÃ§Ã£o ğŸ‘.",,,,,,,,,,Neutra,,Validar,EficÃ¡cia,,Validar,FrustraÃ§Ã£o,,Validar,TV,,Validar,
15,22/07/2021,Terrivelmente ğŸ‘,,,,,,,,,,Negativa,,Validar,SatisfaÃ§Ã£o,,Validar,FrustraÃ§Ã£o,,Validar,,,,
16,22/07/2021,Muito bom ğŸ‘,,,,,,,,,,Positiva,,Validar,SatisfaÃ§Ã£o,,Validar,SatisfaÃ§Ã£o,,Validar,,,,
17,22/07/2021,"NÃ£o faz sentido pagar por um app que trava toda hora, deve ter sido desenvolvido por estagiÃ¡rios sem supervisÃ£o ğŸ¤¦ğŸ¼â€â™‚ï¸",,,,,,,,,,Negativa,,Validar,EficiÃªncia,,Validar,FrustraÃ§Ã£o,,Validar,,,,
18,22/07/2021,"VÃ¡rias tentativas e nÃ£o consigo assinar! JÃ¡ usei 4 cartÃµes, todos ativos! E nada! Amadorismo puro! ğŸ˜¡ğŸ˜¡ğŸ˜¡",,,,,,,,,,Negativa,,Validar,EficÃ¡cia,,Validar,FrustraÃ§Ã£o,,Validar,,,,
19,22/07/2021,"Muito ruim o app, demora pra entrar, as vezes trava e eu tenho que sair do app e voltar nele e agora tudo estÃ¡ em inglÃªs e eu tenho que ficar mudando a cada episÃ³dio, mesmo colocando que quero sempre em portuguÃªs ğŸ˜’",,,,,,,,,,Negativa,,Validar,EficiÃªncia,,Validar,FrustraÃ§Ã£o,,Validar,,,,
20,22/07/2021,Aplicativo nÃ£o estÃ¡ conectando com provedor do mercado pago ğŸ˜ª Aparece um cÃ³digo de erro,,,,,,,,,,Neutra,,Validar,EficÃ¡cia,,Validar,FrustraÃ§Ã£o,,Validar,,,,
21,22/07/2021,"Eu gostei bastante nÃ³s primeiros dias, mas de uns dias pra cÃ¡ n consigo mais acessar fica falando que estou offline e manda eu verificar conexÃ£o sendo q estou conectado no Wi-Fi e a internet estÃ¡ boa nem pela minha rede de dados consigo acessar mais ğŸ˜” Espero q vcs possam arrumar pq n gostaria de cancelar minha assinatura pois gostei bastante do app",,,,,,,,,,Negativa,,Validar,EficÃ¡cia,,Validar,FrustraÃ§Ã£o,,Validar,,,,
22,22/07/2021,"PÃ©ssima ,nota zero HBO trava muito e Ã± tÃ¡ disponivÃ©l para todas as smartsğŸ™ğŸ™",,,,,,,,,,Negativa,,Validar,EficÃ¡cia,,Validar,FrustraÃ§Ã£o,,Validar,,,,
23,22/07/2021,PÃ©ssimo! Toda hora a tela trava e quando assisto algo a tela fica verdeğŸ‘,,,,,,,,,,Negativa,,Validar,EficÃ¡cia,,Validar,FrustraÃ§Ã£o,,Validar,,,,
24,22/07/2021,"Propaganda enganosa de uma serie. Aparece angie tribeca como uma das atraÃ§Ãµes da plataforma, porÃ©m fiz a assinatura e nÃ£o tem a serie. ğŸ‘ğŸ‘ğŸ‘ğŸ‘",,,,,,,,,,Negativa,,Validar,SatisfaÃ§Ã£o,,Validar,FrustraÃ§Ã£o,,Validar,,,,
25,22/07/2021,Estou avaliando ğŸ‘,,,,,,,,,,Neutra,,Validar,SatisfaÃ§Ã£o,,Validar,SatisfaÃ§Ã£o,,Validar,,,,
26,22/07/2021,"Eu amei este streaming, principalmente o catÃ¡logo, Ã© melhor que outros streamings: como por exemplo o Amazon Prime VÃ­deo, enfim ameiğŸ˜â¤â¤ğŸ’™",,,,,,,,,,Positiva,,Validar,SatisfaÃ§Ã£o,,Validar,SatisfaÃ§Ã£o,,Validar,,,,
27,22/07/2021,NÃ£o funciona no firetv ğŸ™„,,,,,,,,,,Neutra,,Validar,EficÃ¡cia,,Validar,FrustraÃ§Ã£o,,Validar,,,,
28,22/07/2021,NÃ£o tem animesğŸ˜ ğŸ˜ ğŸ˜ ğŸ˜ ğŸ˜ ğŸ˜ ğŸ˜ ğŸ˜ ğŸ˜ ğŸ˜ ğŸ˜ ğŸ˜ ğŸ˜ ğŸ˜ ,,,,,,,,,,Negativa,,Validar,SatisfaÃ§Ã£o,,Validar,FrustraÃ§Ã£o,,Validar,,,,
29,22/07/2021,"Tirando as legendas, nÃ£o tive nenhum outro problema com o app. Simplesmente fantÃ¡stico! Comparando com o antigo app HBO GO, estÃ¡ perfeito ğŸ’™ parabÃ©ns e obrigado por proporcionar mais entretÃª pra gnt!",,,,,,,,,,Positiva,,Validar,EficiÃªncia,,Validar,Afeto,,Validar,,,,
30,22/07/2021,Assinei apenas pra ver Psi e sÃ³ estÃ¡ disponÃ­vel a primeira temporada. Sendo que Ã© uma sÃ©rie antiga e original da HBO. ğŸ¤¡,,,,,,,,,,Neutra,,Validar,SatisfaÃ§Ã£o,,Validar,FrustraÃ§Ã£o,,Validar,,,,
31,22/07/2021,"Assinei pra assistir ""Garota, Interrompida"" pq mostrava no catÃ¡logo no site. Mas dps de entrar no aplicativo nÃ£o tem o filme q eu queria assistir ğŸ‘ vou me mat*r. PÃµe o filme ou me dÃ¡ reembolso.",,,,,,,,,,Negativa,,Validar,SatisfaÃ§Ã£o,,Validar,FrustraÃ§Ã£o,,Validar,,,,
32,22/07/2021,ğŸ˜˜ğŸ˜ğŸ’œğŸ’œğŸ’œğŸ’œğŸ’œ,,,,,,,,,,Positiva,,Validar,SatisfaÃ§Ã£o,,Validar,SatisfaÃ§Ã£o,,Validar,,,,
33,22/07/2021,No meu celular fica fechando sozinho ğŸ˜•ğŸ˜•,,,,,,,,,,Negativa,,Validar,EficiÃªncia,,Validar,FrustraÃ§Ã£o,,Validar,,,,
34,22/07/2021,"O app na televisÃ£o depois de ver um filme ele nÃ£o volta pro menu fica tela preta carregando, sÃ³ volta normal quando abre ou app e volta pra ele.. ğŸ˜",,,,,,,,,,Negativa,,Validar,EficiÃªncia,,Validar,FrustraÃ§Ã£o,,Validar,,,,
35,22/07/2021,NÃƒO DA ğŸ¤¬ğŸ¤¬ğŸ¤¬ğŸ¤¬ğŸ¤¬PARA INSTALAR NA TV SAMSUNGğŸ¤¬ğŸ¤¬ğŸ¤¬ğŸ¤¬ğŸ¤¬ğŸ¤¬ğŸ¤¬ğŸ˜¡ğŸ˜¡ğŸ˜¡ğŸ˜¡ğŸ˜¡ğŸ˜¡ğŸ’©ğŸ˜¡ğŸ˜¡ğŸ˜¡,,,,,,,,,,Negativa,,Validar,EficÃ¡cia,,Validar,FrustraÃ§Ã£o,,Validar,,,,
36,22/07/2021,"A pior experiencia que ja tive com app, paguei e nem consegui assistir nada. ğŸ˜£ğŸ˜£ğŸ˜£ğŸ˜£ğŸ˜£ğŸ˜£ğŸ˜£ğŸ˜£ğŸ˜£ğŸ˜£ğŸ˜£ğŸ˜£ğŸ˜£ğŸ˜£ğŸ˜£ğŸ˜£",,,,,,,,,,Negativa,,Validar,EficÃ¡cia,,Validar,FrustraÃ§Ã£o,,Validar,,,,
37,22/07/2021,"O app Ã© muito Bom, mas infelizmente Trava muito na minha TV LG. Minha Internet Ã© top, o problema Ã© o prÃ³prio app ğŸ˜  ajeitei isso por favor.",,,,,,,,,,Negativa,,Validar,EficiÃªncia,,Validar,FrustraÃ§Ã£o,,Validar,,,,
38,22/07/2021,APP muito ruim estou tentando assistir algo a quase 10 minutos eu nÃ£o consigo eo APP fica fechando muito lento pra carregar ğŸ˜¡ğŸ˜¡ğŸ˜¡,,,,,,,,,,Negativa,,Validar,EficiÃªncia,,Validar,FrustraÃ§Ã£o,,Validar,,,,
39,22/07/2021,"Em teste ainda, mais jÃ¡ notei coisas do tipo nÃ£o tem enquadramento de tela, Ã¡udio muito baixo nÃ£o dar pra ouvir sem fone de ouvido e triologia ex. Godzilla tem o 1 e o Godzilla vs kong e dois ğŸ¤” , eu por exemplo sÃ³ irei ver quando tive oportunidade de ver os trÃªs. EntÃ£o Ã© isso assim que tiver esses melhoramentos vai valer 5 estrelas sem dÃºvida! Fico no aguardo!",,,,,,,,,,Neutra,,Validar,EficiÃªncia,,Validar,FrustraÃ§Ã£o,,Validar,,,,
39,22/07/2021,ğŸ˜ğŸ˜ğŸ˜ğŸ˜ğŸ˜ğŸ˜ğŸ˜ğŸ˜ğŸ˜ğŸ˜,,,,,,,,,,Positiva,,Validar,SatisfaÃ§Ã£o,,Validar,SatisfaÃ§Ã£o,,Validar,,,,
40,22/07/2021,Pq nÃ£o tem a opÃ§Ã£o de pagar via boleto? ğŸ˜¾,,,,,,,,,,Neutra,,Validar,EficiÃªncia,,Validar,FrustraÃ§Ã£o,,Validar,,,,
41,22/07/2021,Amei esse aplicativoğŸ˜ğŸ˜ğŸ˜ğŸ˜˜ğŸ˜˜ğŸ˜˜ğŸ˜˜ğŸ˜˜obrigada por ter esitido aplicativo amooooooo ja amo ese criandor,,,,,,,,,,Positiva,,Validar,SatisfaÃ§Ã£o,,Validar,Afeto,,Validar,,,,
42,22/07/2021,"Legendas centralizadas OK, agora temos outros problemas, a legenda fica na parte superior da tela ğŸ¤¯ Outra coisa chata Ã© que eu sÃ³ vejo TUDO legendado, entÃ£o pq n fica padrÃ£o legendado? Toda vez tenho que ligar a legenda. ğŸ¤¦ğŸ»â€â™€ï¸",,,,,,,,,,Negativa,,Validar,EficiÃªncia,,Validar,FrustraÃ§Ã£o,,Validar,,,,
43,22/07/2021,"DecepÃ§Ã£o total ğŸ˜” fiquei super empolgado com o lanÃ§amento. Quando entra demora muito para abrir igual ao HBO anterior, clica em um filme demora para comeÃ§ar e quando nÃ£o sai do app sozinho enquanto estÃ¡ assistindo. Eu posso reclamar na Netflix porÃ©m no app deles sÃ£o mil vezes melhor super rÃ¡pido e qâ€¦",,,,,,,,,,Negativa,,Validar,EficiÃªncia,,Validar,FrustraÃ§Ã£o,,Validar,,,,
44,22/07/2021,Que decepÃ§Ã£o! Achei que com a mudanÃ§a de Hbo Go para Hbo Max ia melhorar mas estÃ¡ com os msm problemas de sempre. Investem milhÃµes em produÃ§Ãµes maravilhosas e as exibem nesse app horrÃ­vel. Demitam toda a equipe de tecnologia e comecem do zero pelo amor de Deus!!ğŸ˜’ğŸ˜’,,,,,,,,,,Negativa,,Validar,EficiÃªncia,,Validar,FrustraÃ§Ã£o,,Validar,,,,
45,22/07/2021,"App fraco. Diz nÃ£o estar conectado, quando estÃ¡. NÃ£o Ã© otimizado para tablets. Fica desligando a legenda. NÃ£o vai automaticamente para o prÃ³ximo episÃ³dio. Faltam recursos. Vou sÃ³ assistir os primeiros 30 dias mesmo e cancelar o serviÃ§o ğŸ˜¤ğŸ˜ªğŸ‘ğŸ¾",,,,,,,,,,Negativa,,Validar,EficiÃªncia,,Validar,FrustraÃ§Ã£o,,Validar,,,,
46,22/07/2021,So acho q devia ter dias gratisğŸ¥±,,,,,,,,,,Neutra,,Validar,SatisfaÃ§Ã£o,,Validar,FrustraÃ§Ã£o,,Validar,,,,
47,22/07/2021,Melhor dos Melhores!!!! ğŸ˜ğŸ˜ğŸ˜ğŸ˜ğŸ˜ğŸ˜ğŸ˜ğŸ˜ğŸ˜ğŸ˜ğŸ˜ğŸ˜ğŸ˜ğŸ˜ğŸ˜ğŸ˜ğŸ˜ğŸ˜ğŸ˜ğŸ˜ğŸ˜ğŸ˜ğŸ˜ğŸ˜ğŸ˜ğŸ˜ğŸ˜ğŸ˜ğŸ˜ğŸ˜ğŸ˜ğŸ˜ğŸ˜ğŸ˜ğŸ˜ğŸ˜ğŸ˜,,,,,,,,,,Positiva,,Validar,SatisfaÃ§Ã£o,,Validar,Afeto,,Validar,,,,
48,22/07/2021,"Consegui baixar um filme de 2h45 ( com muuuuita dificuldade (erros e travamentos, mas sempre continuava o download de onde havia parado, pelo menos issoğŸ™) no meu celular e realmente consegui assistir offline por dias. Neste caso, o app prestou aquilo que foi prometido. Esse, foi meu primeiro teste. Partirei para os prÃ³ximos testes: sÃ©ries -online e offline. Por enquanto, feliz por ter conseguido assistir ao meu amado filme. Edit 17/07: o app passa uma viiida tentando abrir. Como assim ""piorou""?",,,,,,,,,,Neutra,,Validar,EficiÃªncia,,Validar,FrustraÃ§Ã£o,,Validar,,,,
49,22/07/2021,"Legendas nÃ£o centralizadas, toda vez q um ep acaba, precisamos tocar na tela para deixar a imagem mais clara, nÃ£o tem opÃ§Ã£o de passar o ep, sÃ³ de 15 em 15 segundos, filmes adicionados em sua lista aparecem salvos no perfil do outro usuÃ¡rio...ğŸ™„",,,,,,,,,,Neutra,,Validar,EficiÃªncia,,Validar,FrustraÃ§Ã£o,,Validar,,,,
50,22/07/2021,Muito bom ğŸ™‚,,,,,,,,,,Positiva,,Validar,SatisfaÃ§Ã£o,,Validar,SatisfaÃ§Ã£o,,Validar,,,,
51,22/07/2021,"Sem DÃºvidas, NÃ£o Merece 5 Estrelas, Falta Bastante Coisa, Zoom, RotaÃ§Ã£o Da Tela. Em Si, O App Trabalha AtÃ© Que Bem, Tem VÃ¡rios ConteÃºdos, Mas Ainda EstÃ¡ Um App Cru, Mas Sei Que Melhora No Futuro, Todos ComeÃ§am Do InÃ­cio E Melhora Com O Tempo, Em Breve Sei Que Vou Dar 5 Estrelas Com Orgulho. ğŸ¥°",,,,,,,,,,Positiva,,Validar,EficiÃªncia,,Validar,FrustraÃ§Ã£o,,Validar,,,,
52,22/07/2021,"O conteÃºdo Ã© Ã³timo, mas o app Ã© pÃ©ssimoğŸ™…",,,,,,,,,,Negativa,,Validar,EficiÃªncia,,Validar,FrustraÃ§Ã£o,,Validar,,,,
53,22/07/2021,Muito Ã“timo Adoreii ğŸ‘ğŸ‘ŒğŸ˜œğŸ’‹â¤ï¸,,,,,,,,,,Positiva,,Validar,SatisfaÃ§Ã£o,,Validar,SatisfaÃ§Ã£o,,Validar,,,,
54,22/07/2021,Por incrÃ­vel que pareÃ§a vocÃªs conseguiram criar um aplicativo pior do que o HBO Go! Eu tiro meu chapÃ©u realmente vocÃªs conseguiram superar o nÃ­vel de incompetÃªncia anterior. ğŸ‘ğŸ‘ğŸ‘,,,,,,,,,,Negativa,,Validar,EficiÃªncia,,Validar,FrustraÃ§Ã£o,,Validar,,,,
55,22/07/2021,"ssinei, e sequer consigo baixar o app ğŸ¤· De nada adianta os 50% se nÃ£o tem como usar.",,,,,,,,,,Negativa,,Validar,EficÃ¡cia,,Validar,FrustraÃ§Ã£o,,Validar,,,,
56,22/07/2021,"Assinei hoje e jÃ¡ cobraram a assinatura, sendo que os primeiros 7dias sÃ£o de teste grÃ¡tis. ğŸ¤¨",,,,,,,,,,Negativa,,Validar,EficiÃªncia,,Validar,FrustraÃ§Ã£o,,Validar,,,,
57,22/07/2021,"HBO GO da uma surra nesse App lixo, da nem pra sincronizar com o Cromecast! ğŸ‘",,,,,,,,,,Negativa,,Validar,EficÃ¡cia,,Validar,FrustraÃ§Ã£o,,Validar,,,,
58,22/07/2021,"Arrependimento,esse Ã© o sentimento que estou agora, nem tanto pelo dinheiro mas pelo app ser tÃ£o horrÃ­vel, nÃ£o abre um programa sem q o fire sitck nÃ£o trave, e a conexÃ£o pelo Chromecast bem ruim tbm. Cancelado. ğŸ™…ğŸ»",,,,,,,,,,Negativa,,Validar,EficÃ¡cia,,Validar,FrustraÃ§Ã£o,,Validar,,,,
59,22/07/2021,Amo ğŸ’—,,,,,,,,,,Positiva,,Validar,SatisfaÃ§Ã£o,,Validar,Afeto,,Validar,,,,
60,22/07/2021,Odeio ter que mudar a linguagem a cada episÃ³dio que assisto ğŸ‘ğŸ¿,,,,,,,,,,Negativa,,Validar,EficiÃªncia,,Validar,FrustraÃ§Ã£o,,Validar,,,,
61,22/07/2021,Muito ruim ğŸ˜ ğŸ‘,,,,,,,,,,Negativa,,Validar,SatisfaÃ§Ã£o,,Validar,FrustraÃ§Ã£o,,Validar,,,,
62,22/07/2021,"NÃ£o estou conseguindo mudar o idioma na tv, nÃ£o aparece a opÃ§Ã£o, jÃ¡ procurei vÃ¡rios tutoriais para ver se resolvia e nada, no tablet e celular eu consigo, sÃ³ nÃ£o dÃ¡ certo na tv, nÃ£o estou conseguindo assistir na tv por isso, pois gosto de conteÃºdos dublados, quase desistindo de assinar ğŸ˜",,,,,,,,,,Negativa,,Validar,Aprendizado,,Validar,FrustraÃ§Ã£o,,Validar,,,,
63,22/07/2021,TÃ¡ show ğŸ‘,,,,,,,,,,Positiva,,Validar,SatisfaÃ§Ã£o,,Validar,SatisfaÃ§Ã£o,,Validar,,,,
64,22/07/2021,"O app na TV Ã© um completo LIXO! Consegue travar a tela, nÃ£o volta segundos do vÃ­deo, e sempre reinicia a TV, primeira vez que vejo isso. ğŸ¤¢",,,,,,,,,,Negativa,,Validar,EficÃ¡cia,,Validar,FrustraÃ§Ã£o,,Validar,,,,
65,22/07/2021,Muito bom! Estou esperando Shameless US entrar no catÃ¡logo. ğŸ™‚,,,,,,,,,,Positiva,,Validar,SatisfaÃ§Ã£o,,Validar,SatisfaÃ§Ã£o,,Validar,,,,
66,22/07/2021,ğŸ˜€ğŸ˜€ğŸ˜€ğŸ˜€,,,,,,,,,,Positiva,,Validar,SatisfaÃ§Ã£o,,Validar,SatisfaÃ§Ã£o,,Validar,,,,
67,22/07/2021,ğŸ¤©ğŸ‘,,,,,,,,,,Positiva,,Validar,SatisfaÃ§Ã£o,,Validar,SatisfaÃ§Ã£o,,Validar,,,,
68,22/07/2021,Amei todo o conteÃºdo que tem disponÃ­vel ğŸ˜â¤ï¸,,,,,,,,,,Positiva,,Validar,SatisfaÃ§Ã£o,,Validar,Afeto,,Validar,,,,
69,22/07/2021,"Finalmente arrumaram as legendas ğŸ¤©ğŸ¤© CrÃ­ticas: O aplicativo demora MUITO abrir. OpÃ§Ã£o de Gerenciar dispositivos nÃ£o funciona corretamente, nÃ£o tem como girar a tela do celular no aplicativo, nÃ£o tem nenhum aviso sobre um novo login, as vezes simplesmente da erro na hora de trocar o perfil. Por enquanto Ã© isso.",,,,,,,,,,Neutra,,Validar,EficiÃªncia,,Validar,SatisfaÃ§Ã£o,,Validar,,,,
70,22/07/2021,Eu estou procurando o Filme Harry Potter: E a Pedra Filosofal em todos os dispositivos de filmes e nÃ£o achei. Ai vi o HBO Max instelei e achei o filme Obrigada HBO Max muito obrigadağŸ˜ğŸ˜,,,,,,,,,,Positiva,,Validar,SatisfaÃ§Ã£o,,Validar,SatisfaÃ§Ã£o,,Validar,,,,
71,22/07/2021,EstÃ¡ perfeito ğŸ˜,,,,,,,,,,Positiva,,Validar,SatisfaÃ§Ã£o,,Validar,SatisfaÃ§Ã£o,,Validar,,,,
72,22/07/2021,"O app parou, apÃ³s iniciar o filme ğŸ˜¡ğŸ˜¡ğŸ˜¡ğŸ˜¡",,,,,,,,,,Negativa,,Validar,EficÃ¡cia,,Validar,FrustraÃ§Ã£o,,Validar,,,,
73,22/07/2021,"Ã‰ atÃ© ok de usar, mas todo episÃ³dio temos que colocar a legenda, ela nÃ£o fica de forma automÃ¡tica. Isso acontece no celular, utilizando Chromecast. Fora q Ã© super mal posicionada, estranho demais. Esperando as melhorias. ğŸ˜Š",,,,,,,,,,Positiva,,Validar,EficiÃªncia,,Validar,FrustraÃ§Ã£o,,Validar,,,,
74,22/07/2021,Pq tem filme? Legal pow ğŸ¤¤e seus Ã©gua trate desses travas meu celular jÃ¡ Ã© ruim e vai ficar pior man,,,,,,,,,,Negativa,,Validar,EficiÃªncia,,Validar,FrustraÃ§Ã£o,,Validar,,,,
75,22/07/2021,"Esperando uma atualizaÃ§Ã£o de melhora para assistir no smartphone, cancelando atÃ© aqui, sem condiÃ§Ãµes, assistam a concorrÃªncia e vejam vcs mesmo o que estÃ¡ pÃ©ssimo e precisa melhorar urgente, coisas simples que fazem a diferenÃ§a ğŸ‘ğŸ»",,,,,,,,,,Negativa,,Validar,EficiÃªncia,,Validar,FrustraÃ§Ã£o,,Validar,,,,
76,22/07/2021,"01(uma) â­ ainda Ã© muito , nÃ£o adianta ter conteÃºdo se trava a cada minuto, por enquanto tÃ¡ prestando nÃ£o!!!",,,,,,,,,,Negativa,,Validar,EficiÃªncia,,Validar,FrustraÃ§Ã£o,,Validar,,,,
77,22/07/2021,AtÃ© agora show de bola o canal ğŸ˜‰,,,,,,,,,,Positiva,,Validar,SatisfaÃ§Ã£o,,Validar,SatisfaÃ§Ã£o,,Validar,,,,
78,22/07/2021,Pior aplicativo de streaming!!! Ã” app ruimğŸ™„ğŸ¤¬,,,,,,,,,,Negativa,,Validar,SatisfaÃ§Ã£o,,Validar,FrustraÃ§Ã£o,,Validar,,,,
79,22/07/2021,Super incrÃ­vel parabÃ©ns HBO Max vocÃªs sÃ£o incrÃ­veis quando o assunto Ã© produzir conteÃºdo App incrÃ­vel valeu muito a pena assinar ğŸ¤©ğŸ¤©ğŸ¤©ğŸ¤©,,,,,,,,,,Positiva,,Validar,SatisfaÃ§Ã£o,,Validar,SatisfaÃ§Ã£o,,Validar,,,,
80,22/07/2021,"ğŸ¤®ğŸ¤®ğŸ¤®HORRIVEL ESSE APLICATIVO. E NAO ME VENHAM OS DESENVOLVEDORES, DIZER PRA TER CALMA. ESSE LIXO NAO FUNICONA...O PIOR Ã‰ QUE PASSOU COMO ACEITO 5X EM CARTÃ•ES DE CRÃ‰DITO. AI VENHAM VOCES DEPOIS, ME COBRAREM. ISSO Ã‰ SÃ‰RIO. ME RESPONDAM. AJA MANDEI EMAIL TBEM, RESPONDAM.ğŸ¤®ğŸ¤®ğŸ¤®",,,,,,,,,,Negativa,,Validar,EficiÃªncia,,Validar,FrustraÃ§Ã£o,,Validar,,,,
81,22/07/2021,"Olha Eu gosto da HBO Max O problema Ã© que: ele trava demais NÃ£o sei se Ã© pq eu tÃ´ com pouco espaÃ§o, mas...dou 4ğŸŒŸpor isso",,,,,,,,,,Neutra,,Validar,EficiÃªncia,,Validar,SatisfaÃ§Ã£o,,Validar,,,,
82,22/07/2021,"Perfeito, nada para reclamar ğŸ’™ğŸ’™",,,,,,,,,,Positiva,,Validar,SatisfaÃ§Ã£o,,Validar,SatisfaÃ§Ã£o,,Validar,,,,
83,22/07/2021,Lento de mais ğŸ˜,,,,,,,,,,Negativa,,Validar,EficiÃªncia,,Validar,FrustraÃ§Ã£o,,Validar,,,,
84,22/07/2021,"O conteÃºdo Ã© Ã³timo mais o desempenho dos aplicativos tanto na tv quanto no celular precisa melhorar muito, demora muito para iniciar e abrir o conteÃºdo escolhido, isso Ã© irritante, especialmente tendo dispositivos super preparados e 500MB de internet ğŸ˜”",,,,,,,,,,Negativa,,Validar,EficiÃªncia,,Validar,FrustraÃ§Ã£o,,Validar,,,,
85,22/07/2021,"O app Ã© bom mas tem um problema que Ã© chatinho, demora muito para carregar o episÃ³dio e as vezes trava do nada e nÃ£o Ã© minha Internet, tenho fibra Ã³tica de 300M. Mas tirando isso o app Ã© topğŸ‘Œ",,,,,,,,,,Neutra,,Validar,EficiÃªncia,,Validar,FrustraÃ§Ã£o,,Validar,,,,
86,22/07/2021,"Ã‰ uma pena uma empresa do tamanho da HBO, com tantos filmes e sÃ©ries de extrema qualidade, possuir um App tÃ£o amador assim ğŸ˜ª",,,,,,,,,,Negativa,,Validar,SatisfaÃ§Ã£o,,Validar,FrustraÃ§Ã£o,,Validar,,,,
87,22/07/2021,"Melhor streaming de conteÃºdo e entretenimento, sÃ³ precisa de uns pequenos ajuste e irÃ¡ se torna a melhor. ğŸ’œğŸ‘ğŸ½",,,,,,,,,,Positiva,,Validar,SatisfaÃ§Ã£o,,Validar,SatisfaÃ§Ã£o,,Validar,,,,
88,22/07/2021,Legal ğŸ‘,,,,,,,,,,Positiva,,Validar,SatisfaÃ§Ã£o,,Validar,SatisfaÃ§Ã£o,,Validar,,,,
89,22/07/2021,Estou tentando assinar a dias mais nÃ£o consigo ğŸ˜• SÃ³ dÃ¡ erro quero saber o porquÃª isso tÃ¡ acontecendo,,,,,,,,,,Negativa,,Validar,EficÃ¡cia,,Validar,FrustraÃ§Ã£o,,Validar,,,,
90,22/07/2021,"No momento sÃ³ assistir pela ğŸ“º, tenho uma net 15 mega o conteÃºdo do APP Ã© bom , porÃ©m o sistema dele deixa a desejar vc tÃ¡ assistindo Ã© toda hora travando um conteÃºdo de 30 min passa a ser de 40 a 50 min , quando ajeitar vou melhorar minha qualificaÃ§Ã£o, dÃª prioridade a esse problema , com as plataformas concorrentes vejo de boa e pra finalizar poderiam acrescentar conteÃºdos da crunchyrool ou desconto para esta plataforma.",,,,,,,,,,Neutra,,Validar,EficiÃªncia,,Validar,FrustraÃ§Ã£o,,Validar,,,,
91,22/07/2021,Arrumem as legendas logo ğŸ¤¬,,,,,,,,,,Negativa,,Validar,SatisfaÃ§Ã£o,,Validar,FrustraÃ§Ã£o,,Validar,,,,
92,22/07/2021,O apricativo tÃ¡ muito bom ğŸ‘ğŸ‘ğŸ‘,,,,,,,,,,Positiva,,Validar,SatisfaÃ§Ã£o,,Validar,SatisfaÃ§Ã£o,,Validar,,,,
93,22/07/2021,"ConteÃºdo excelente, mais o aplicativo para celular Ã© horrÃ­velğŸ˜¡ğŸ˜¡ğŸ˜¡ğŸ˜¡. SÃ³ nÃ£o cancelo a assinatura porque tem friends e the big bang theory.",,,,,,,,,,Negativa,,Validar,SatisfaÃ§Ã£o,,Validar,FrustraÃ§Ã£o,,Validar,,,,
94,22/07/2021,"App excelente, roda muito bem no meu aparelho. â¤ï¸",,,,,,,,,,Positiva,,Validar,SatisfaÃ§Ã£o,,Validar,SatisfaÃ§Ã£o,,Validar,,,,
95,22/07/2021,O melhor de todos ğŸ‘ğŸ‘ğŸ‘ğŸ‘ğŸ‘ğŸ‘ğŸ‘ğŸ‘ğŸ‘ğŸ‘ğŸ‘ Amei!,,,,,,,,,,Positiva,,Validar,SatisfaÃ§Ã£o,,Validar,Afeto,,Validar,,,,
96,22/07/2021,ğŸ˜ƒğŸ˜ƒğŸ˜ƒğŸ˜ƒğŸ˜ƒğŸ˜ƒğŸ˜ƒğŸ˜ƒğŸ˜ƒğŸ˜ƒğŸ˜ƒğŸ˜ƒ ğŸ˜ƒğŸ˜ƒğŸ˜ƒğŸ˜ƒğŸ˜ƒğŸ˜ƒğŸ˜ƒğŸ˜ƒğŸ˜ƒğŸ˜ƒğŸ˜ƒğŸ˜ƒ,,,,,,,,,,Positiva,,Validar,SatisfaÃ§Ã£o,,Validar,SatisfaÃ§Ã£o,,Validar,,,,
97,22/07/2021,"Minha conta expirou e eu nÃ£o estou conseguindo renovar minha assinatura, pÃ©ssima plataforma ğŸ˜ ",,,,,,,,,,Negativa,,Validar,EficÃ¡cia,,Validar,FrustraÃ§Ã£o,,Validar,,,,
98,22/07/2021,"O aplicativo Ã© muito melhor do que o HBO antigo, mas ainda peca em algumas coisinhas e uma delas Ã© um erro de serviÃ§o de cÃ³digo 905303 que nÃ£o permite que as sÃ©ries tenham reproduÃ§Ã£o automÃ¡tica para outro episÃ³dio. JÃ¡ fiz de tudo e sempre fica esse erro ğŸ˜",,,,,,,,,,Negativa,,Validar,EficiÃªncia,,Validar,FrustraÃ§Ã£o,,Validar,,,,
99,22/07/2021,"Pensa numa ğŸ’©ğŸ˜±ğŸ˜±ğŸ˜± Tenho um TV Box da Izy Play Intelbras, mas a ğŸ‘Œ do streaming nÃ£o sai som nem acendendo velas. Legendas todas zuadas NÃ£o assinem essa m..... NÃ£o vale 50 centavos de mensalidade. Tem que melhorar muito pra ficar ruim....porque tÃ¡ pÃ©ssimo!!!",,,,,,,,,,Negativa,,Validar,EficÃ¡cia,,Validar,FrustraÃ§Ã£o,,Validar,,,,
100,22/07/2021,"Ate agora esta atendendo as minhas espectativas, gostei muito do disigne, espero que tenha mais filmes e series daqui pra frente! Estou assistindo uma serie original,ğŸ˜ğŸ’˜ parabÃ©ns a equipe! Nota 10",,,,,,,,,,Positiva,,Validar,SatisfaÃ§Ã£o,,Validar,SatisfaÃ§Ã£o,,Validar,,,,
101,22/07/2021,Ã“timos filmes excelente sÃ©ries ğŸ˜ƒ,,,,,,,,,,Positiva,,Validar,SatisfaÃ§Ã£o,,Validar,SatisfaÃ§Ã£o,,Validar,,,,
102,22/07/2021,O botÃ£o de conectar a Smart tv nÃ£o funciona. ğŸ˜¡ ğŸ˜¡ ğŸ˜¡,,,,,,,,,,Negativa,,Validar,EficÃ¡cia,,Validar,FrustraÃ§Ã£o,,Validar,,,,
103,22/07/2021,"Eu esperava mais da HBO, da pro app ficar mais fÃ¡cil de usar. As legendas deveriam aparecer enquanto fazemos os ajustes pois nÃ£o da pra ficar adivinhando como a ela vai ficar. E principalmente: oq eu mais senti falta foi a opÃ§Ã£o de armazenar os downloads no cartÃ£o SDğŸ˜¥ E tambÃ©m tem uns bugs, do nada o app fecha. Os outros apps de streaming nÃ£o deixam meu cel assim...mas confio na HBO e acho q ainda vou voltar aqui pra dar 5 estrelasâ¤",,,,,,,,,,Negativa,,Validar,EficiÃªncia,,Validar,FrustraÃ§Ã£o,,Validar,,,,
104,22/07/2021,"O aplicativo fecha direto, nÃ£o consigo assistir nada pelo celular. ğŸ˜”",,,,,,,,,,Negativa,,Validar,EficÃ¡cia,,Validar,FrustraÃ§Ã£o,,Validar,,,,
105,22/07/2021,"O app Ã© tÃ£o ruim que nem consigo acessar, tentei atravÃ©s do provedor e nÃ£o vai de jeito nenhum atÃ© que desisti e tentei fazer a assinatura normal e nada tambÃ©m sÃ³ da erro... Muito decepcionada com a breve experiÃªncia que eu tiveğŸ˜ª",,,,,,,,,,Negativa,,Validar,EficÃ¡cia,,Validar,FrustraÃ§Ã£o,,Validar,,,,
106,22/07/2021,Eu nÃ£o gostei o app nÃ£o Ã© compatÃ­vel com meu dispositivo do Chromecast ğŸ¤¬,,,,,,,,,,Negativa,,Validar,EficÃ¡cia,,Validar,FrustraÃ§Ã£o,,Validar,,,,
107,22/07/2021,Maior e melhor streaming ğŸ›,,,,,,,,,,Positiva,,Validar,SatisfaÃ§Ã£o,,Validar,SatisfaÃ§Ã£o,,Validar,,,,
108,22/07/2021,"nÃ£o consigo assistir nada, e ainda esta dizendo que n sou assinante, sendo que eu fiz a assinatura simplesmente horrÃ­vel ğŸ˜¤",,,,,,,,,,Negativa,,Validar,EficÃ¡cia,,Validar,FrustraÃ§Ã£o,,Validar,,,,
109,22/07/2021,"Muito bom, a plataforma estÃ¡ Ã³tima! Eu amo! â¤ï¸â¤ï¸",,,,,,,,,,Positiva,,Validar,SatisfaÃ§Ã£o,,Validar,Afeto,,Validar,,,,
110,22/07/2021,"TÃ¡ quase impossÃ­vel de assistir um filme, assisto atravÃ©s do celular conectado no Chromecast, aplicativo tem diversos bugs, cai toda hora atÃ© nÃ£o abrir mais. :/ Quando arrumarem volto e dou 5 â­ ğŸ™ƒ",,,,,,,,,,Negativa,,Validar,EficiÃªncia,,Validar,FrustraÃ§Ã£o,,Validar,,,,
111,22/07/2021,"Porque aqui pelo App nÃ£o estÃ¡ de 13,95? na promoÃ§Ã£o de adesÃ£o? ğŸ˜¡",,,,,,,,,,Negativa,,Validar,SatisfaÃ§Ã£o,,Validar,FrustraÃ§Ã£o,,Validar,,,,
112,22/07/2021,Muito ruim fora que nÃ£o tem vÃ¡rios filmes e sÃ©ries como foi lanÃ§ado nos EUA estou decepcionada com esse streaming o da Disney+ e Netflix Ã© muito melhor. Acho que fizeram pouco caso para lanÃ§ar no BrasilğŸ˜¡ğŸ˜¡ğŸ˜¡acho que nÃ£o estudaram o paÃ­s... NÃ³s nÃ£o falamos espanhol e sim portuguÃªs.,,,,,,,,,,Negativa,,Validar,SatisfaÃ§Ã£o,,Validar,FrustraÃ§Ã£o,,Validar,,,,
113,22/07/2021,NÃ£o consigo espelhar na tv.ğŸ˜”,,,,,,,,,,Negativa,,Validar,EficÃ¡cia,,Validar,FrustraÃ§Ã£o,,Validar,,,,
114,22/07/2021,"Designe lindo, conteÃºdo Ã³timo!! SÃ³ que toda vez que passo um episÃ³dio, tem que configurar legenda ğŸ™„ que sÃ£o mal posicionadas, fora que vc faz um download p poder ver no celular off-line e qdo vc quer ver, aparece msg informando que pode sair do meu pacote de dados ğŸ¤” entÃ£o p que serve download?! Bug sempre, alÃ©m de demorar p abrir o APP.",,,,,,,,,,Negativa,,Validar,SatisfaÃ§Ã£o,,Validar,EstÃ©tica,,Validar,,,,
115,22/07/2021,"Pelo amor de Deus! NÃ£o funciona na tv, nÃ£o funciona no celular. Estou hÃ¡ 20minutos esperando sair da tela azul/roxa escrito HBO MAX ğŸ¤¦ğŸ»â€â™€ï¸",,,,,,,,,,Negativa,,Validar,EficiÃªncia,,Validar,FrustraÃ§Ã£o,,Validar,,,,
116,22/07/2021,ParabÃ©ns sejam bem vindos esperamos que venha promoÃ§Ãµes..â­â­â­â­â­,,,,,,,,,,Positiva,,Validar,SatisfaÃ§Ã£o,,Validar,SatisfaÃ§Ã£o,,Validar,,,,
117,22/07/2021,"Falta de recursos para usar o APP. Fora q nÃ£o chegou em outras plataformas como PLAYSTATION, etc... Precisa melhorar urgentemente. E outra deram a opÃ§Ã£o de compra com alguns benefÃ­cios que atÃ© agr o usuÃ¡rio nÃ£o pode usar ğŸ˜¡ğŸ˜¡",,,,,,,,,,Negativa,,Validar,EficiÃªncia,,Validar,FrustraÃ§Ã£o,,Validar,,,,
118,22/07/2021,Series antigas mentira eu queria voltara assistir jiraya mas voces me deixaram puto de raiva ğŸ˜¡ğŸ˜¡ğŸ˜¡ğŸ˜¡ğŸ˜¡,,,,,,,,,,Negativa,,Validar,SatisfaÃ§Ã£o,,Validar,FrustraÃ§Ã£o,,Validar,,,,
119,22/07/2021,"O catÃ¡logo Ã© fraco, o app pior ainda (na minha smatv Samsung nem funciona, trava). DecepÃ§Ã£o Warner ğŸ˜¢.",,,,,,,,,,Negativa,,Validar,EficÃ¡cia,,Validar,FrustraÃ§Ã£o,,Validar,,,,
120,22/07/2021,Desde ontem estou tentando assinar o plano e o app da um bug ğŸ¤¦â€â™€ï¸ğŸ¤¦â€â™€ï¸ğŸ¤¦â€â™€ï¸,,,,,,,,,,Negativa,,Validar,EficiÃªncia,,Validar,FrustraÃ§Ã£o,,Validar,,,,
121,22/07/2021,"Total decepÃ§Ã£o. A cada final de episÃ³dio de sÃ©rie, o conteÃºdo Ã© direcionado para a primeira temporada. Selecionar episÃ³dio manualmente Ã© triste! ğŸ˜’ğŸ˜’ A legenda, nem se fala. Toda descentralizada e o app trava demais...",,,,,,,,,,Negativa,,Validar,EficiÃªncia,,Validar,FrustraÃ§Ã£o,,Validar,,,,
122,22/07/2021,NÃ£o tÃ´ ouvindo nada sÃ³ a imagem aparece nÃ£o tÃªm Ã¡udio ğŸ˜•ğŸ¤”,,,,,,,,,,Neutra,,Validar,EficiÃªncia,,Validar,FrustraÃ§Ã£o,,Validar,,,,
123,22/07/2021,KkkkkkÄ·k sÃ³ pode ser piada esse App nÃ© muito ruim nÃ£o faz nada trava trava e trava outra vez tem que melhorar muito o conteÃºdo e maravilhoso mais quando vc vai assistir phaaa nÃ£o funciona ğŸ™„ğŸ™„Pfv melhora isso ğŸ¤¦â€â™€ï¸ğŸ¤·â€â™€ï¸,,,,,,,,,,Negativa,,Validar,EficiÃªncia,,Validar,FrustraÃ§Ã£o,,Validar,,,,
124,22/07/2021,"Trava e fecha o app o tempo todo, impossÃ­vel assistir algo continuamente e nÃ£o salva de onde parou...update o mais rÃ¡pido possÃ­vel ğŸ™ğŸ™ğŸ™",,,,,,,,,,Neutra,,Validar,EficÃ¡cia,,Validar,FrustraÃ§Ã£o,,Validar,,,,
125,22/07/2021,Ã“timo!!! Ã‰ show!!!!ğŸ‘ğŸ‘ğŸ‘ğŸ˜,,,,,,,,,,Positiva,,Validar,SatisfaÃ§Ã£o,,Validar,SatisfaÃ§Ã£o,,Validar,,,,
126,22/07/2021,Continua com os mesmos erros...tenho que escrever em um papel onde parei na sÃ©rie porque o APP nÃ£o grava. ğŸ‘,,,,,,,,,,Negativa,,Validar,EficÃ¡cia,,Validar,FrustraÃ§Ã£o,,Validar,,,,
127,22/07/2021,Se pudesse daria ZERO...Desde a estreia nÃ£o consigo acessar via provedor ( CLARO TV)ğŸ˜¡ğŸ˜¡ğŸ˜¡ğŸ˜¡,,,,,,,,,,Negativa,,Validar,EficÃ¡cia,,Validar,FrustraÃ§Ã£o,,Validar,,,,
128,22/07/2021,"Simplesmente ameii, espero que melhorem na parte de crescer a tela no telefone! Porque tÃ¡ horrÃ­vel isso, mais tirando isso tÃ¡ perfeito!ğŸ˜ğŸ’œğŸ›ğŸ›",,,,,,,,,,Positiva,,Validar,EficiÃªncia,,Validar,Afeto,,Validar,,,,
129,22/07/2021,"TÃ´ amandoooo adorei a interface, muito sensacional gente eu tava sÃ³ esperando pra poder assinar a Ãºnica coisa que me incomodou foi nÃ£o terem dublado a sÃ©rie animada da Arlequina, maÃ­s de resto tÃ¡ tudo perfeito. Tudo que eu gosto em um sÃ³ lugar e por um preÃ§o super em conta. Brigado HBO ğŸ˜Œâ¤ï¸",,,,,,,,,,Positiva,,Validar,SatisfaÃ§Ã£o,,Validar,Afeto,,Validar,,,,
130,22/07/2021,"Excelente streaming! ConteÃºdo muito bom! NÃ£o percam a promoÃ§Ã£o de preÃ§o baixo para sempre atÃ© o dia 31/07/21, mas sÃ³ se for adquirido pelo site. ğŸ˜‰",,,,,,,,,,Positiva,,Validar,SatisfaÃ§Ã£o,,Validar,SatisfaÃ§Ã£o,,Validar,,,,
131,22/07/2021,"Fiz a assinatura com ""50% de desconto"" e foi cobrado alÃ©m do valor da mensalidade mais duas taxas de 5,25 R$ , que propaganda enganosa Ã© essa?ğŸ˜ ",,,,,,,,,,Negativa,,Validar,EficÃ¡cia,,Validar,FrustraÃ§Ã£o,,Validar,,,,
132,22/07/2021,Gostei muito atendeu todas as minhas experiÃªncias ğŸ¥°ğŸ˜,,,,,,,,,,Positiva,,Validar,SatisfaÃ§Ã£o,,Validar,SatisfaÃ§Ã£o,,Validar,,,,
133,22/07/2021,Nao baixa de jeito nenhum no meu celular. ğŸ¤¦ğŸ½â€â™€ï¸ğŸ’”,,,,,,,,,,Negativa,,Validar,EficÃ¡cia,,Validar,FrustraÃ§Ã£o,,Validar,,,,
134,22/07/2021,O app na tv nÃ£o funciona direito as sÃ©ries ficam travando e como nÃ£o tem opÃ§Ã£o de melhorar ou piorar a qualidade trava muito. E sei que Ã© do app na tv pq no celular funciona normalmente. Se puderem fazer o reparo pq tÃ¡ chato! NÃ£o consigo ver o que pago pra ver ğŸ˜Š,,,,,,,,,,Negativa,,Validar,EficiÃªncia,,Validar,FrustraÃ§Ã£o,,Validar,,,,
135,22/07/2021,"Ta muito lento, E pago o plano multitela, e ate hoje nao achei o catÃ¡logo de esportesğŸ˜",,,,,,,,,,Negativa,,Validar,EficiÃªncia,,Validar,FrustraÃ§Ã£o,,Validar,,,,
136,22/07/2021,Legenda atrasada em tudo. ğŸ˜,,,,,,,,,,Negativa,,Validar,EficiÃªncia,,Validar,FrustraÃ§Ã£o,,Validar,,,,
137,22/07/2021,ğŸ‘,,,,,,,,,,Positiva,,Validar,SatisfaÃ§Ã£o,,Validar,SatisfaÃ§Ã£o,,Validar,,,,
138,22/07/2021,Excelente ğŸ‘ğŸ‘,,,,,,,,,,Positiva,,Validar,SatisfaÃ§Ã£o,,Validar,SatisfaÃ§Ã£o,,Validar,,,,
139,22/07/2021,O que adianta ter conteÃºdo se nada funciona? Infelizmente ğŸ˜” pior aplicativo de streaming.,,,,,,,,,,Negativa,,Validar,EficÃ¡cia,,Validar,FrustraÃ§Ã£o,,Validar,,,,
140,22/07/2021,Estou amando!!!! Vale a pena assinar ğŸ˜ğŸ’œ,,,,,,,,,,Positiva,,Validar,SatisfaÃ§Ã£o,,Validar,Afeto,,Validar,,,,
141,22/07/2021,Esperando liberar o app pra smart tv panasonic ğŸ˜,,,,,,,,,,Negativa,,Validar,EficÃ¡cia,,Validar,FrustraÃ§Ã£o,,Validar,,,,
142,22/07/2021,Boa noite onde fica a opÃ§Ã£o de tv e jogos ao vivo. Mim respondam detalhadamente ?????ğŸ˜¥ğŸ˜¥ğŸ˜¥,,,,,,,,,,Negativa,,Validar,Aprendizado,,Validar,FrustraÃ§Ã£o,,Validar,,,,
143,22/07/2021,Esse aplicativo Ã© muito bom top ğŸ‘ğŸ‘ğŸ‘ğŸ‘ğŸ˜€ğŸ˜,,,,,,,,,,Positiva,,Validar,SatisfaÃ§Ã£o,,Validar,SatisfaÃ§Ã£o,,Validar,,,,
144,22/07/2021,"App Ã© show, mas minha TV Samsung nÃ£o pega aplicativo e nÃ£o tem previsÃ£o para atualizaÃ§Ã£o. ğŸ˜“ğŸ˜“ğŸ˜“",,,,,,,,,,Negativa,,Validar,EficÃ¡cia,,Validar,FrustraÃ§Ã£o,,Validar,,,,
145,22/07/2021,TÃ´ curtindo. ğŸ’™,,,,,,,,,,Positiva,,Validar,SatisfaÃ§Ã£o,,Validar,SatisfaÃ§Ã£o,,Validar,,,,
146,22/07/2021,"O APP tem apresentado muitas falhas! EstÃ¡ muito difÃ­cil seguir as sÃ©ries, ele nÃ£o funciona em segundo plano, dÃ¡ erro toda a hora, o episÃ³dio que estou vendo nÃ£o fica salvo, as configuraÃ§Ãµes tem que ser ativadas toda hora. Pensando em cancelar se nÃ£o resolverem o problema...ğŸ™",,,,,,,,,,Negativa,,Validar,EficiÃªncia,,Validar,FrustraÃ§Ã£o,,Validar,,,,
147,22/07/2021,"Eu amo todos os seriados e filmes, porem e muito chato mecher nele, e muito lento ate mesmo no waifi, pra fazer download ele fala q o celular nao tem memoria, e fica carregando e carregando ao ponto de eu reiniciar ou desistir. Por favor melhorem ğŸ™",,,,,,,,,,Negativa,,Validar,EficiÃªncia,,Validar,FrustraÃ§Ã£o,,Validar,,,,
148,22/07/2021,PerfeitoğŸ’™â¤ para mim superou a disney+ netflix interface bonita full hd catalÃ³go organido para filmes e sÃ©ries so as legendas sÃ£o meias desorganizada tirando isso tudo e perfeito do aplicativo,,,,,,,,,,Positiva,,Validar,SatisfaÃ§Ã£o,,Validar,EstÃ©tica,,Validar,,,,
149,22/07/2021,"POUQUÃSSIMO conteÃºdo em 4K ğŸ˜­ğŸ˜­ğŸ˜­ğŸ˜­ Estou usando no Cel, coloquem a opÃ§Ã£o de preencher a tela toda (vÃ­deo) (Android) e Android TV e esta TRAVANDO MUITO, tem muita coisa boa e das antigas q nÃ£o tinha em lugar nenhum... desenhos do Hanna Barbera... sÃ³ achei zuado q a sÃ©rie MOM sÃ³ tem a T3E1 (um episÃ³dio de uma temporada) aff",,,,,,,,,,Negativa,,Validar,EficiÃªncia,,Validar,FrustraÃ§Ã£o,,Validar,,,,
150,22/07/2021,"Por enquanto estou gostando,app fluido e o valor cabe no bolso ğŸ‘ continuem melhorando",,,,,,,,,,Positiva,,Validar,SatisfaÃ§Ã£o,,Validar,SatisfaÃ§Ã£o,,Validar,,,,
151,22/07/2021,Gostei Ã© uma aplicativo excelente ğŸ‘ğŸ»,,,,,,,,,,Positiva,,Validar,SatisfaÃ§Ã£o,,Validar,SatisfaÃ§Ã£o,,Validar,,,,
152,22/07/2021,"O app trava muito, cada episÃ³dio tem que colocar a leg nada ğŸ˜”",,,,,,,,,,Negativa,,Validar,EficiÃªncia,,Validar,FrustraÃ§Ã£o,,Validar,,,,
153,22/07/2021,Muito Ruim nÃ£o tem nada dublado ğŸ˜•ğŸ˜,,,,,,,,,,Negativa,,Validar,SatisfaÃ§Ã£o,,Validar,FrustraÃ§Ã£o,,Validar,,,,
154,22/07/2021,"Aplicativo fecha sozinho, dÃ¡ problema o tempo todo. Para minha surpresa a HBO criou o aplicativo usando JAVA! HBO vcs estÃ£o loucos ou Ã© incompetÃªncia mesmo?? ğŸ˜¡ JAVA Ã© a pior plataforma para criar Apps para Android alÃ©m de expor os UsuÃ¡rios as falhas de seguranÃ§a do JAVA. Pessoal reclamem, isso nÃ£o estÃ¡ certo!!",,,,,,,,,,Negativa,,Validar,EficÃ¡cia,,Validar,FrustraÃ§Ã£o,,Validar,,,,
155,22/07/2021,Perfeito ğŸ˜”âœŠ,,,,,,,,,,Positiva,,Validar,SatisfaÃ§Ã£o,,Validar,SatisfaÃ§Ã£o,,Validar,,,,
156,22/07/2021,"Triste. APP pro Android cheio de bug (desde som baixo, atÃ© legendas nÃ£o centralizadas), tÃ¡ faltando coisas no catÃ¡logo, e ainda nÃ£o chegou pro Fire stick TV ğŸ˜¢ğŸ˜¢ğŸ˜¢",,,,,,,,,,Negativa,,Validar,EficiÃªncia,,Validar,FrustraÃ§Ã£o,,Validar,,,,
157,22/07/2021,Muitos filmes nÃ£o tem a opÃ§Ã£o portuguÃªs (BR) ğŸ’”,,,,,,,,,,Negativa,,Validar,SatisfaÃ§Ã£o,,Validar,FrustraÃ§Ã£o,,Validar,,,,
158,22/07/2021,"Falta muito para ficar com cinco estrela ğŸŒŸğŸŒŸğŸŒŸğŸŒŸ ficar caindo o tempo todo nÃ£o tem a opÃ§Ã£o de comeÃ§ar de onde parou e a opÃ§Ã£o de aumentar tela, Quando resolver isso eu dou as cinco ğŸŒŸğŸŒŸğŸŒŸğŸŒŸğŸŒŸ",,,,,,,,,,Negativa,,Validar,EficiÃªncia,,Validar,FrustraÃ§Ã£o,,Validar,,,,
159,22/07/2021,Hoje 4/7/21 o aplicativo estÃ¡ pÃ©ssimo no celular quanto na tv nÃ£o estÃ¡ carregando fica sÃ³ tela preta e nÃ£o sai disso ğŸ˜ğŸ˜ğŸ˜,,,,,,,,,,Negativa,,Validar,EficÃ¡cia,,Validar,FrustraÃ§Ã£o,,Validar,,,,
160,22/07/2021,O app esta lindo as cores e tudo o catalogo de series e filmes estao Ã³timos tbm consegui encontrar tudo oq eu queria assistirğŸ˜,,,,,,,,,,Positiva,,Validar,SatisfaÃ§Ã£o,,Validar,EstÃ©tica,,Validar,,,,
161,22/07/2021,"Muito bom esse app da HBO MAX, show de bola âš½ï¸ğŸğŸˆ",,,,,,,,,,Positiva,,Validar,SatisfaÃ§Ã£o,,Validar,SatisfaÃ§Ã£o,,Validar,,,,
162,22/07/2021,"E Ã³timo , sÃ³ tem uÃ© colocar mais conteÃºdo original Max, e corrigir alguns bugs e melhorias URGENTE ğŸ˜‰ğŸ‘.",,,,,,,,,,Neutra,,Validar,EficiÃªncia,,Validar,SatisfaÃ§Ã£o,,Validar,,,,
163,22/07/2021,"Tentando assinar, quando pede um codigo promocional, quando esse codigo n existe que saina, depois pergunta sobre um provedor no final nao consegui assinar.ğŸ‘ğŸ˜’",,,,,,,,,,Neutra,,Validar,EficÃ¡cia,,Validar,FrustraÃ§Ã£o,,Validar,,,,
164,22/07/2021,Muito bom ğŸ‘,,,,,,,,,,Positiva,,Validar,SatisfaÃ§Ã£o,,Validar,SatisfaÃ§Ã£o,,Validar,,,,
165,22/07/2021,NÃ£o consigo baixar no Android e minha versÃ£o Ã© atualizada ğŸ˜,,,,,,,,,,Negativa,,Validar,EficÃ¡cia,,Validar,FrustraÃ§Ã£o,,Validar,,,,
166,22/07/2021,"Simplesmente nÃ£o funciona, sÃ³ dÃ¡ pra criar perfil ğŸ¤¡ğŸ˜‘",,,,,,,,,,Neutra,,Validar,EficÃ¡cia,,Validar,FrustraÃ§Ã£o,,Validar,,,,
1,27/07/2021,Estou tentando fazer o cancelamento e nÃ£o estou conseguindo ğŸ˜• horrÃ­vel NÃ£o estou satisfeita. AlguÃ©m pode me ajudar a cancelar isso?,,,,,,,,,,,,,Aprendizado,,Validar,FrustraÃ§Ã£o,,Validar,,,,
2,27/07/2021,Ã‰ muito ruim ğŸ˜•ğŸ˜” eu coloquei sem pagar mas tÃ¡va lÃ  esse jÃ¡ Ã© um problema que nÃ£o tive uma televisÃ£o e nem dinheiro ğŸ’¸ğŸ’° vai querer a baixar um aplicativo bom Ã© que nÃ£o paga entÃ£o poriso eu vou dar duas estrela ğŸ”¯ğŸŒŸ ğŸ˜°ğŸ˜°,,,,,,,,,,,,,SatisfaÃ§Ã£o,,Validar,FrustraÃ§Ã£o,,Validar,,,,
3,27/07/2021,"O App sÃ³ Ã© ruim em questÃ£o de internet, eu entro e fica ""conexÃ£o a internt"" ğŸ¤¦â€â™€ï¸ poderia mudar isso",,,,,,,,,,,,,EficiÃªncia,,Validar,FrustraÃ§Ã£o,,Validar,,,,
4,27/07/2021,"De cada trÃªs vezes que tento acesso ao aplicativo, em mÃ©dia 1 vez ele abre. Da mais erro de acesso e falha. Implica sempre, pois tenho que desinstalar e instalar sempre, para poder ter acesso ao aplicativo ğŸ˜ ",,,,,,,,,,,,,EficiÃªncia,,Validar,FrustraÃ§Ã£o,,Validar,,,,
5,27/07/2021,Muito ruim ğŸ˜”ğŸ˜”ğŸ˜”ğŸ˜”,,,,,,,,,,,,,SatisfaÃ§Ã£o,,Validar,FrustraÃ§Ã£o,,Validar,,,,
6,27/07/2021,ğŸ˜ğŸ˜,,,,,,,,,,,,,SatisfaÃ§Ã£o,,Validar,SatisfaÃ§Ã£o,,Validar,,,,
7,27/07/2021,Amo â¤,,,,,,,,,,,,,SatisfaÃ§Ã£o,,Validar,Afeto,,Validar,,,,
8,27/07/2021,"Gente me ajuda, pq eu nÃ£o estou conseguindo pagar o app meu cartÃ£o estÃ¡ com limite e nÃ£o esta aceitando ğŸ˜‘ğŸ˜‘ğŸ˜‘",,,,,,,,,,,,,SeguranÃ§a,,Validar,FrustraÃ§Ã£o,,Validar,,,,
9,27/07/2021,ğŸ–•ğŸ–•ğŸ–•ğŸ–•ğŸ–•ğŸ–•,,,,,,,,,,,,,SatisfaÃ§Ã£o,,Validar,SatisfaÃ§Ã£o,,Validar,,,,
10,27/07/2021,ğŸ¥°ğŸ˜ŠğŸ˜,,,,,,,,,,,,,SatisfaÃ§Ã£o,,Validar,SatisfaÃ§Ã£o,,Validar,,,,
11,27/07/2021,Muito e o preÃ§o e melhor ainda ğŸ˜€,,,,,,,,,,,,,SatisfaÃ§Ã£o,,Validar,SatisfaÃ§Ã£o,,Validar,,,,
12,27/07/2021,"Download sem funcionalidade, baixa mas n da para ver off-line ğŸ¤·â€â™€ï¸",,,,,,,,,,,,,EficiÃªncia,,Validar,FrustraÃ§Ã£o,,Validar,,,,
13,27/07/2021,Muito bom âœŒï¸âœŒï¸âœŒï¸ SÃ³ que fauta colocar mais filmes que jÃ¡ sairam,,,,,,,,,,,,,SatisfaÃ§Ã£o,,Validar,SatisfaÃ§Ã£o,,Validar,,,,
14,27/07/2021,Ecelente eu amei os grÃ¡ficos as opÃ§Ãµes ameiiiiii ğŸ’ŸğŸ˜ğŸ˜,,,,,,,,,,,,,SatisfaÃ§Ã£o,,Validar,Afeto,,Validar,,,,
15,27/07/2021,Muito bom e. Legal ğŸ‘ŒğŸ‘ŒğŸ±ğŸ±ğŸ˜»ğŸ˜½ğŸŒ·,,,,,,,,,,,,,SatisfaÃ§Ã£o,,Validar,SatisfaÃ§Ã£o,,Validar,,,,
16,27/07/2021,ğŸ•ğŸ©ğŸ¬ğŸ¦ˆ,,,,,,,,,,,,,SatisfaÃ§Ã£o,,Validar,SatisfaÃ§Ã£o,,Validar,,,,
17,27/07/2021,Legal ğŸ˜¸ğŸ†—,,,,,,,,,,,,,SatisfaÃ§Ã£o,,Validar,SatisfaÃ§Ã£o,,Validar,,,,
18,27/07/2021,ğŸ‘ğŸ¼ğŸ‘ğŸ¼ğŸ‘ğŸ¼,,,,,,,,,,,,,SatisfaÃ§Ã£o,,Validar,SatisfaÃ§Ã£o,,Validar,,,,
19,27/07/2021,"Super recomendo, muito bom, adorei!!!!!!âœ¨",,,,,,,,,,,,,SatisfaÃ§Ã£o,,Validar,SatisfaÃ§Ã£o,,Validar,,,,
20,27/07/2021,ğŸ˜±,,,,,,,,,,,,,SatisfaÃ§Ã£o,,Validar,SatisfaÃ§Ã£o,,Validar,,,,
21,27/07/2021,EstÃ¡ sempre a dar erro! ğŸ¤¬,,,,,,,,,,,,,EficiÃªncia,,Validar,FrustraÃ§Ã£o,,Validar,,,,
22,27/07/2021,NAO ESTA CONECTANDO COM O SERVIDOR DISNEY ğŸ˜‘ğŸ˜‘ğŸ˜‘ DEPOIS DA ULTIMA ATUALIZACA ğŸ˜¡ğŸ˜¡ğŸ˜¡,,,,,,,,,,,,,EficiÃªncia,,Validar,FrustraÃ§Ã£o,,Validar,,,,
23,27/07/2021,AdoreiğŸ¤—,,,,,,,,,,,,,SatisfaÃ§Ã£o,,Validar,SatisfaÃ§Ã£o,,Validar,,,,
24,27/07/2021,Cancelei minha inscriÃ§Ã£o me deram 10 dias para efetuar o cancelamento e mesmo assim foi descontado do mwu mercado pago a assinatura ... ğŸ˜ªğŸ˜” nÃ£o estou nem usando mais mesmo assim esta sendo descontado meu dinheiro resolvam isso por FAVOR meu motivo de cancelar e por que nÃ£o tem a opÃ§Ã£o espelhamento para tv SMART,,,,,,,,,,,,,EficiÃªncia,,Validar,FrustraÃ§Ã£o,,Validar,,,,
25,27/07/2021,Bem legal ğŸ˜,,,,,,,,,,,,,SatisfaÃ§Ã£o,,Validar,SatisfaÃ§Ã£o,,Validar,,,,
26,27/07/2021,Muito bomğŸ‘,,,,,,,,,,,,,SatisfaÃ§Ã£o,,Validar,SatisfaÃ§Ã£o,,Validar,,,,
27,27/07/2021,Muito bug. Muito cÃ³digo de erro. Praticamente nÃ£o consigo assistir sem problema.ğŸ˜ ğŸ˜¡ğŸ¤¬,,,,,,,,,,,,,EficiÃªncia,,Validar,FrustraÃ§Ã£o,,Validar,,,,
28,27/07/2021,"Muito ruim, sÃ³ trava e nÃ£o carrega nada, perde para os app piratas ğŸ‘",,,,,,,,,,,,,EficiÃªncia,,Validar,FrustraÃ§Ã£o,,Validar,,,,
29,27/07/2021,"Foi descontado(cobrado) do meu mercado pago mas nÃ£o consigo acessar meu app Disney, essa falta de comunicaÃ§Ã£o com app e sistema de cobranÃ§a estÃ¡ com problemas? Sacanagem ğŸ¤¦ğŸ¾â€â™‚ï¸ğŸ˜•ğŸ˜²",,,,,,,,,,,,,EficiÃªncia,,Validar,FrustraÃ§Ã£o,,Validar,,,,
30,27/07/2021,Poe pra cartao de debito tbm.... tem gente q nao tem cartao de credito ğŸ¤‘ğŸ˜”,,,,,,,,,,,,,EficiÃªncia,,Validar,FrustraÃ§Ã£o,,Validar,,,,
32,27/07/2021,AmeiğŸ‘ğŸ‘â­â­â­â­â­â­â­â­â­â­â­â­â­,,,,,,,,,,,,,SatisfaÃ§Ã£o,,Validar,SatisfaÃ§Ã£o,,Validar,,,,
33,27/07/2021,Muito bom!ğŸ˜‰,,,,,,,,,,,,,SatisfaÃ§Ã£o,,Validar,SatisfaÃ§Ã£o,,Validar,,,,
34,27/07/2021,Aplicativo Ã³timo. ğŸ‘ğŸ»ğŸ‘ğŸ»,,,,,,,,,,,,,SatisfaÃ§Ã£o,,Validar,SatisfaÃ§Ã£o,,Validar,,,,
35,27/07/2021,Ã“timo dia faz sempre bom ter bem legal ğŸ˜ŠğŸ˜ŠğŸ˜ŠğŸ˜ŠğŸ¤—ğŸ¤—ğŸ¤—ğŸ¤—ğŸ¤—ğŸ¤—ğŸ¥°ğŸ¥°ğŸ¥°ğŸ¥°ğŸ¥°,,,,,,,,,,,,,SatisfaÃ§Ã£o,,Validar,SatisfaÃ§Ã£o,,Validar,,,,
36,27/07/2021,Amei App muito bom amo pq dÃ¡ para assistir tudo da Disney amei muito o problema Ã© pq nem sempre dÃ¡ para assistir tudo da Disney pq tipo viuva negra nÃ£o lanÃ§ou na Disney mais eu amo a disneyğŸ˜ğŸ˜˜ğŸ˜™ğŸ˜šâ˜º,,,,,,,,,,,,,SatisfaÃ§Ã£o,,Validar,Afeto,,Validar,,,,
37,27/07/2021,ğŸ¤¢ğŸ¤®,,,,,,,,,,,,,SatisfaÃ§Ã£o,,Validar,FrustraÃ§Ã£o,,Validar,,,,
38,27/07/2021,A Disney Plus tem tudo qualquer filme Ã© dimais mesmo ğŸ˜„ğŸ˜„,,,,,,,,,,,,,SatisfaÃ§Ã£o,,Validar,SatisfaÃ§Ã£o,,Validar,,,,
39,27/07/2021,Muito bom amei mas Ã© um pouco cara mais gostei mas nÃ£o gostei muito porque nÃ£o tem miraculous ğŸ¥ºğŸ˜ğŸ˜”ğŸ˜’,,,,,,,,,,,,,SatisfaÃ§Ã£o,,Validar,SatisfaÃ§Ã£o,,Validar,,,,
40,27/07/2021,As vezes aparece pra mim erro de conexÃ£o mais aÃ­ eu desinstalo e instalo dnv e volta ğŸ¤—,,,,,,,,,,,,,EficiÃªncia,,Validar,SatisfaÃ§Ã£o,,Validar,,,,
41,27/07/2021,Um sonho!!!ğŸ˜,,,,,,,,,,,,,SatisfaÃ§Ã£o,,Validar,SatisfaÃ§Ã£o,,Validar,,,,
42,27/07/2021,Muito topâ¤ï¸,,,,,,,,,,,,,SatisfaÃ§Ã£o,,Validar,SatisfaÃ§Ã£o,,Validar,,,,
43,27/07/2021,"Pouco conteÃºdo relevante, mas sÃ©ries boas. Vim sÃ³ por Loki ğŸ¥º",,,,,,,,,,,,,SatisfaÃ§Ã£o,,Validar,SatisfaÃ§Ã£o,,Validar,,,,
44,27/07/2021,Excelente ğŸ‘ğŸ¼ğŸ‘ğŸ¼ğŸ‘ğŸ¼ğŸ˜€â£ï¸,,,,,,,,,,,,,SatisfaÃ§Ã£o,,Validar,SatisfaÃ§Ã£o,,Validar,,,,
45,27/07/2021,pelo amor de Deus lancem mais eps de A Casa Coruja!! ğŸ¦‰ğŸ’–,,,,,,,,,,,,,SatisfaÃ§Ã£o,,Validar,SatisfaÃ§Ã£o,,Validar,,,,
46,27/07/2021,"Na minha opiniÃ£o esses aplicativos NÃ£o deviam cobrar nada, porque Tem muitas pessoas que nÃ£o tem condiÃ§Ãµes de paga ğŸ˜­",,,,,,,,,,,,,SatisfaÃ§Ã£o,,Validar,SatisfaÃ§Ã£o,,Validar,,,,
47,27/07/2021,ğŸ˜»ğŸ˜»ğŸ˜»ğŸ˜»ğŸ˜»ğŸ˜»ğŸ˜»ğŸ˜»ğŸ˜»ğŸ˜»ğŸ˜»ğŸ˜»ğŸ˜»ğŸ˜»ğŸ˜»ğŸ˜»ğŸ˜»ğŸ˜»ğŸ˜»ğŸ˜»ğŸ˜»ğŸ˜»ğŸ˜»ğŸ˜»,,,,,,,,,,,,,SatisfaÃ§Ã£o,,Validar,SatisfaÃ§Ã£o,,Validar,,,,
48,27/07/2021,Eu gostei muito â¤ï¸,,,,,,,,,,,,,SatisfaÃ§Ã£o,,Validar,SatisfaÃ§Ã£o,,Validar,,,,
49,27/07/2021,AMO â¤ğŸ¥°ğŸ¥°ğŸ¥°,,,,,,,,,,,,,SatisfaÃ§Ã£o,,Validar,SatisfaÃ§Ã£o,,Validar,,,,
50,27/07/2021,"Muitos falaram mal maia eu amei, uma haba cheia de filmes e sÃ©ries, muito bom!!!! E barato para o que tem ğŸ¥°ğŸ¥°ğŸ¥°",,,,,,,,,,,,,SatisfaÃ§Ã£o,,Validar,SatisfaÃ§Ã£o,,Validar,,,,
51,27/07/2021,ğŸ˜‰ğŸ˜‰ğŸ˜‰ğŸ˜‰ğŸ˜˜ğŸ˜˜ğŸ˜˜ğŸ’šğŸ’›ğŸ’œâ¤ğŸ’™ğŸ’šğŸ’›ğŸ’œğŸ’“ğŸ’•ğŸ’–ğŸ’™â¤,,,,,,,,,,,,,SatisfaÃ§Ã£o,,Validar,SatisfaÃ§Ã£o,,Validar,,,,
52,27/07/2021,ğŸ˜‡ğŸ˜‡ğŸ˜‡,,,,,,,,,,,,,SatisfaÃ§Ã£o,,Validar,SatisfaÃ§Ã£o,,Validar,,,,
53,27/07/2021,Muito Maravilhoso ğŸ¤©,,,,,,,,,,,,,SatisfaÃ§Ã£o,,Validar,SatisfaÃ§Ã£o,,Validar,,,,
54,27/07/2021,Ameiii MT bom recomendo ğŸ˜˜,,,,,,,,,,,,,SatisfaÃ§Ã£o,,Validar,SatisfaÃ§Ã£o,,Validar,,,,
55,27/07/2021,"Muito bom, muito bom mesmo... Dei quatro estrelas por que existe alguns problemas! Um deles Ã© quando eu baixo alguma coisa nÃ£o fica na galeria do meu celular. Queria que solucionassem esse problema por favor, Ã© que eu tenho uma priminha que Ã© autista que ama assistir ""A Casa do Mickey Mouse""ğŸ˜ƒ, e quando eu baixo os episÃ³dios nÃ£o dÃ¡ pra aparecer na galeria! JÃ¡ pesquisei como mudar isso mas, nÃ£o consigo colocar que os downloads vÃ£o diretos para a galeria!ğŸ™SÃ³ quero que resolvam esse problema pfr!",,,,,,,,,,,,,SatisfaÃ§Ã£o,,Validar,SatisfaÃ§Ã£o,,Validar,,,,
56,27/07/2021,Isso Ã© uma ğŸ’©,,,,,,,,,,,,,SatisfaÃ§Ã£o,,Validar,FrustraÃ§Ã£o,,Validar,,,,
57,27/07/2021,NÃ£o sei Ã© bomğŸ‘,,,,,,,,,,,,,SatisfaÃ§Ã£o,,Validar,SatisfaÃ§Ã£o,,Validar,,,,
58,27/07/2021,"Aplicativo pÃ©ssimo... Trava, demora sÃ©culos pra carregar o conteÃºdo, quando tento baixar algo ele fecha sozinho... EstÃ¡ a ano-luz da Netflix e da Amazon. BilhÃµes pra produzir conteÃºdos mas pra fazer um app decente parece orÃ§amento de filme B.. ğŸ¤·ğŸ½â€â™‚ï¸",,,,,,,,,,,,,EficiÃªncia,,Validar,FrustraÃ§Ã£o,,Validar,,,,
59,27/07/2021,AdoreiğŸ’–,,,,,,,,,,,,,SatisfaÃ§Ã£o,,Validar,SatisfaÃ§Ã£o,,Validar,,,,
60,27/07/2021,Abaixei sÃ³ pÃ¡ assisti lucağŸ™„ğŸ¤š,,,,,,,,,,,,,SatisfaÃ§Ã£o,,Validar,FrustraÃ§Ã£o,,Validar,,,,
61,27/07/2021,Ameiii demais ğŸ˜ğŸ˜ğŸ˜,,,,,,,,,,,,,SatisfaÃ§Ã£o,,Validar,SatisfaÃ§Ã£o,,Validar,,,,
62,27/07/2021,Muito caro hahaha ğŸ˜…,,,,,,,,,,,,,SatisfaÃ§Ã£o,,Validar,SatisfaÃ§Ã£o,,Validar,,,,
63,27/07/2021,NÃ£o consigo acessar meus downloads sem internet â˜¹ï¸,,,,,,,,,,,,,EficiÃªncia,,Validar,FrustraÃ§Ã£o,,Validar,,,,
64,27/07/2021,E legal de mais muito mesmo ğŸ‘ğŸ‘ğŸ’–ğŸ˜œğŸ˜œ,,,,,,,,,,,,,SatisfaÃ§Ã£o,,Validar,SatisfaÃ§Ã£o,,Validar,,,,
65,27/07/2021,O app Ã© bom mas ele nÃ£o tem a utilidade de transmitir pra tv !ğŸ™„,,,,,,,,,,,,,EficÃ¡cia,,Validar,FrustraÃ§Ã£o,,Validar,,,,
66,27/07/2021,O aplicativo Ã© pago eu nÃ£o queria que fosse assim pois poderia ser grÃ¡tis pois essas pessoas sÃ³ pensam em dinheiro ğŸ’°,,,,,,,,,,,,,SatisfaÃ§Ã£o,,Validar,FrustraÃ§Ã£o,,Validar,,,,
67,27/07/2021,Ã“TIMO EU DOU 4 MEI ESTRELAğŸ˜Š,,,,,,,,,,,,,SatisfaÃ§Ã£o,,Validar,SatisfaÃ§Ã£o,,Validar,,,,
68,27/07/2021,O app e muito bom mais infelizmente nÃ£o estar entrando depois dessa atualizaÃ§Ã£o e as vezes eu quero assistir mais nÃ£o entra ğŸ˜ğŸ˜ğŸ˜ por isso sÃ³ vou dar uma estrela por enquanto,,,,,,,,,,,,,EficiÃªncia,,Validar,FrustraÃ§Ã£o,,Validar,,,,
69,27/07/2021,NÃ£o estÃ¡ funcionando pelo wi-fi ğŸ™„,,,,,,,,,,,,,EficiÃªncia,,Validar,FrustraÃ§Ã£o,,Validar,,,,
70,27/07/2021,Muito bom o aplicativo adoreiğŸ˜ğŸ˜ğŸ˜ğŸ˜,,,,,,,,,,,,,SatisfaÃ§Ã£o,,Validar,SatisfaÃ§Ã£o,,Validar,,,,
71,27/07/2021,ğŸ’“ğŸ’“ğŸ’“,,,,,,,,,,,,,SatisfaÃ§Ã£o,,Validar,SatisfaÃ§Ã£o,,Validar,,,,
72,27/07/2021,Esse aplicativo Ã© de graÃ§a para abaixar mas quando vocÃª quer assistir um filme no aplicativo vocÃª tem que pagar e isso Ã© muito chato porque vocÃª Ã© enganadoğŸ˜ ğŸ˜¡,,,,,,,,,,,,,SatisfaÃ§Ã£o,,Validar,FrustraÃ§Ã£o,,Validar,,,,
73,27/07/2021,Perfeito ğŸ˜,,,,,,,,,,,,,SatisfaÃ§Ã£o,,Validar,SatisfaÃ§Ã£o,,Validar,,,,
74,27/07/2021,HorrÃ­vel o app nÃ£o esta abrindo fica dizendo que Ã© erro no servidor e q Ã© pra tentar mais tarde e tambÃ©m nÃ£o ta dando pra assistir os downloads sem internet jÃ¡ cancelei minha assinatura !!!!!!!!!!ğŸ˜¡ğŸ˜ ,,,,,,,,,,,,,EficÃ¡cia,,Validar,FrustraÃ§Ã£o,,Validar,,,,
75,27/07/2021,"O app Ã© atÃ© bom, qdo funciona. JÃ¡ tem 2 dias q diz q nÃ£o Ã© possÃ­vel conectar, q hÃ¡ problema no serviÃ§o... Manda tentar mais tarde. Estou desde ontem sem conseguir abrir o app. AlguÃ©m sabe como corrigir? JÃ¡ tentei de TD ğŸ˜Ÿ",,,,,,,,,,,,,EficÃ¡cia,,Validar,FrustraÃ§Ã£o,,Validar,,,,
76,27/07/2021,"OlÃ¡ Disney, adorei o aplicativo. Mas de certa forma, outras pessoas estÃ£o conseguindo isso de graÃ§a. Ou seja (fraude). VocÃªs deveriam resolver isso, agradeÃ§o! ğŸ˜ğŸ‘",,,,,,,,,,,,,SatisfaÃ§Ã£o,,Validar,SatisfaÃ§Ã£o,,Validar,,,,
77,27/07/2021,Na tv trava ğŸ˜’mais no celular nao â˜ºmais Ã© ruin nao pega na tv .poxa eu tenho que pagar tenho que pagar pra nao funcionar na tv ai nao da ne,,,,,,,,,,,,,EficÃ¡cia,,Validar,FrustraÃ§Ã£o,,Validar,,,,
78,27/07/2021,Muito bom vei otimo amei ğŸ¤—,,,,,,,,,,,,,SatisfaÃ§Ã£o,,Validar,SatisfaÃ§Ã£o,,Validar,,,,
79,27/07/2021,A Disney Ã© maravilhosa por ter todos os seus filmes originais mÃ¡s no meu celular vive travando e nÃ£o consigo acessar o app as vezes tenho que desabaixar e abaixar de novo mais tirando isso Ã© muito bom pra Assistir. ğŸ˜ƒğŸ‘,,,,,,,,,,,,,EficiÃªncia,,Validar,SatisfaÃ§Ã£o,,Validar,,,,
80,27/07/2021,"NÃ£o gostei, trava muito e Ã± tem a opÃ§Ã£o de transmitir para a TV como a Netflix. Cancelei a assinatura.ğŸ˜‘",,,,,,,,,,,,,EficÃ¡cia,,Validar,FrustraÃ§Ã£o,,Validar,,,,
81,27/07/2021,Muito bom melhor de todos 5 estrelas ğŸŒŸğŸŒŸğŸŒŸğŸŒŸğŸŒŸ de parabÃ©ns Disney+,,,,,,,,,,,,,SatisfaÃ§Ã£o,,Validar,SatisfaÃ§Ã£o,,Validar,,,,
82,27/07/2021,Ele e melhor que a Netflix recomendo muito ğŸ˜ğŸ˜,,,,,,,,,,,,,SatisfaÃ§Ã£o,,Validar,SatisfaÃ§Ã£o,,Validar,,,,
83,27/07/2021,Perfeitooooâ¤ï¸,,,,,,,,,,,,,SatisfaÃ§Ã£o,,Validar,SatisfaÃ§Ã£o,,Validar,,,,
84,27/07/2021,"Ruim, precisa pagar pra entrar no aplicativo, isso nÃ£o Ã© justo, os filmes deveriam ser de graÃ§a pra todo mundo assistir, mas os bobÃµes ficam puxando dinheiro do povo sÃ³ pra ver um filme. Estou desepsionado. ğŸ˜",,,,,,,,,,,,,SatisfaÃ§Ã£o,,Validar,FrustraÃ§Ã£o,,Validar,,,,
85,27/07/2021,Muito muito bom ğŸ˜ƒ,,,,,,,,,,,,,SatisfaÃ§Ã£o,,Validar,SatisfaÃ§Ã£o,,Validar,,,,
86,27/07/2021,Quando eu emtrem e eu foi ponha minha senha mais tava pedindo pra eu ponha 6 caracteres mais tava pomhando 6 caracteres mais nÃ£o entrou eu tentei mais de 5 veses mais nÃ£o entrou ğŸ˜¤,,,,,,,,,,,,,EficiÃªncia,,Validar,FrustraÃ§Ã£o,,Validar,,,,
87,27/07/2021,Amooooo ğŸ’–,,,,,,,,,,,,,SatisfaÃ§Ã£o,,Validar,SatisfaÃ§Ã£o,,Validar,,,,
88,27/07/2021,Eu amo esse filmes da Disney Ã© incrÃ­vel ğŸ¤©ğŸ˜ğŸ˜˜ğŸ¥°ğŸ’–,,,,,,,,,,,,,SatisfaÃ§Ã£o,,Validar,SatisfaÃ§Ã£o,,Validar,,,,
89,27/07/2021,AdoroooooooooğŸ¥°,,,,,,,,,,,,,SatisfaÃ§Ã£o,,Validar,SatisfaÃ§Ã£o,,Validar,,,,
90,27/07/2021,"Para mim o app DISNEY Ã© novo porque eu nunca tive ele no meu celular, Ã© tem pessoas falando aqui que ele demora carregar pura mentira ele carrega muito rÃ¡pido, eu amei ele, quem que um aplicativo de filme assim instalem ele ele Ã© Ã³timo ğŸ‘ğŸ¼ parabÃ©ns para quem fez ele",,,,,,,,,,,,,EficiÃªncia,,Validar,SatisfaÃ§Ã£o,,Validar,,,,
91,27/07/2021,Mt bom ğŸ˜”ğŸ¤š,,,,,,,,,,,,,SatisfaÃ§Ã£o,,Validar,SatisfaÃ§Ã£o,,Validar,,,,
92,27/07/2021,Estou sempre assistindo pelo app. ğŸ‘ğŸ‘ğŸ‘,,,,,,,,,,,,,SatisfaÃ§Ã£o,,Validar,SatisfaÃ§Ã£o,,Validar,,,,
93,27/07/2021,E muito bommmm Abaixe o Disney+ğŸ˜‰,,,,,,,,,,,,,SatisfaÃ§Ã£o,,Validar,SatisfaÃ§Ã£o,,Validar,,,,
94,27/07/2021,Muito bom Mas nÃ£o estÃ¡ entrando esses dias ğŸ˜­,,,,,,,,,,,,,EficiÃªncia,,Validar,FrustraÃ§Ã£o,,Validar,,,,
95,27/07/2021,OlÃ¡ ... Pagar a Disney e nÃ£o poder assistir os filmes nÃ£o vale a pena sÃ³ chegar o dia vou cancelar... Toda vez que tento assistir um filme a plataforma fica pensando testamos em outras plataformas ambas funcionando normalmente jÃ¡ a Disney ğŸ˜•,,,,,,,,,,,,,EficiÃªncia,,Validar,FrustraÃ§Ã£o,,Validar,,,,
96,27/07/2021,NÃ£o estou conseguindo abrir em meu celular.ğŸ˜’,,,,,,,,,,,,,EficiÃªncia,,Validar,FrustraÃ§Ã£o,,Validar,,,,
97,27/07/2021,Esse app Ã© simplesmente incrÃ­vel sÃ©rio Ã© o meu preferido o Ãºnico problema Ã© que tenho que desinstalar as vezes mas tenho quase certeza que Ã© o meu celular fora isso meus parabÃ©ns sÃ©rio ğŸ˜ƒğŸ‰,,,,,,,,,,,,,SatisfaÃ§Ã£o,,Validar,SatisfaÃ§Ã£o,,Validar,,,,
98,27/07/2021,"MagnifÃ­co, tem de tudo que minha famÃ­lia ama desde Marvel atÃ© Star Wars ğŸ‘ğŸ‘ğŸ¤˜",,,,,,,,,,,,,SatisfaÃ§Ã£o,,Validar,SatisfaÃ§Ã£o,,Validar,,,,
99,27/07/2021,Eu amo o filme Luca ğŸ˜ğŸ˜ğŸ˜ğŸ˜˜Eu jÃ¡ assisti mais de 11vezes,,,,,,,,,,,,,SatisfaÃ§Ã£o,,Validar,Afeto,,Validar,,,,
100,27/07/2021,"O app nÃ£o abre mais, e nÃ£o Ã© a conexÃ£o. Pois consigo assistir tranquilamente no Prime Video. Aparentemente estou pagando o Disney+ para nÃ£o assistir nada ğŸ¤¡",,,,,,,,,,,,,EficiÃªncia,,Validar,FrustraÃ§Ã£o,,Validar,,,,
101,27/07/2021,Otimo app varios filmes e series essas pessoas que falam que eroim mente e muito bomğŸ˜€ğŸ˜€ğŸ˜€ğŸ¤—ğŸ¤—,,,,,,,,,,,,,SatisfaÃ§Ã£o,,Validar,SatisfaÃ§Ã£o,,Validar,,,,
102,27/07/2021,Adorei execelente aplicativo ğŸ’•ğŸ’•ğŸ’•ğŸ’•ğŸ’•,,,,,,,,,,,,,SatisfaÃ§Ã£o,,Validar,SatisfaÃ§Ã£o,,Validar,,,,
103,27/07/2021,ğŸ‘ğŸ‘ğŸ‘ğŸ‘ğŸ‘ğŸ‘ğŸ‘ğŸ‘,,,,,,,,,,,,,SatisfaÃ§Ã£o,,Validar,FrustraÃ§Ã£o,,Validar,,,,
104,27/07/2021,"O app tÃ¡ com problemas no meu celular, ele nÃ£o funciona normalmente eu tenho que desinstalar e instalar dnv pra ele voltar a funcionar ğŸ˜©ğŸ˜©",,,,,,,,,,,,,EficiÃªncia,,Validar,FrustraÃ§Ã£o,,Validar,,,,
105,27/07/2021,Estou muito triste pq toda vez que eu entro pra assistir da erro ğŸ˜­ğŸ˜­ğŸ˜­,,,,,,,,,,,,,EficiÃªncia,,Validar,FrustraÃ§Ã£o,,Validar,,,,
106,27/07/2021,Muito bom ğŸ˜ƒğŸ˜ƒğŸ˜ƒğŸ˜ƒğŸ˜ƒğŸ˜ƒğŸ˜ƒğŸ˜ƒ,,,,,,,,,,,,,SatisfaÃ§Ã£o,,Validar,SatisfaÃ§Ã£o,,Validar,,,,
107,27/07/2021,O aplicativo nÃ£o trava muito na hora de assistir as sÃ©ries. ğŸ˜ ,,,,,,,,,,,,,EficiÃªncia,,Validar,FrustraÃ§Ã£o,,Validar,,,,
108,27/07/2021,LIXO LIXO LIXO ğŸ‘ğŸ¼ğŸ‘ğŸ¼ğŸ‘ğŸ¼ğŸ‘ğŸ¼ğŸ–•ğŸ½,,,,,,,,,,,,,SatisfaÃ§Ã£o,,Validar,FrustraÃ§Ã£o,,Validar,,,,
109,27/07/2021,ğŸ˜Šamei o App muito bom pode baixar Ã© Ã³timo.,,,,,,,,,,,,,SatisfaÃ§Ã£o,,Validar,SatisfaÃ§Ã£o,,Validar,,,,
110,27/07/2021,Adorei o Disney plus Ã© um aplicativo muito bom e tem muitas variaÃ§Ãµes de filmes e sÃ©ries o disegn incrÃ­vel recomendo super 'NOSSA OLHA EU FALANDO DO APP ğŸ’…ğŸ‘ï¸ğŸ‘„ğŸ‘ï¸ ME RESPEITA KSKSKSK,,,,,,,,,,,,,SatisfaÃ§Ã£o,,Validar,SatisfaÃ§Ã£o,,Validar,,,,
111,27/07/2021,Eu ameiğŸ˜,,,,,,,,,,,,,SatisfaÃ§Ã£o,,Validar,SatisfaÃ§Ã£o,,Validar,,,,
112,27/07/2021,15 mbâ¤ï¸,,,,,,,,,,,,,EficiÃªncia,,Validar,SatisfaÃ§Ã£o,,Validar,,,,
113,27/07/2021,"App horrivel paguei pra usar o app mas nao conecta de jeito nenhum, ja tentei em varios wifi bons e nada , e meu dinheiro pago como fica? Esse app esta nos roubando affss.ğŸ˜ ğŸ˜ ğŸ˜¡",,,,,,,,,,,,,EficiÃªncia,,Validar,FrustraÃ§Ã£o,,Validar,,,,
114,27/07/2021,"Bom, tem coisas interessantes porÃ©m nÃ£o Ã© compatÃ­vel com a maioria das TVs ğŸ˜© poderia melhorar isso e ser compatÃ­vel com todas as smart TVs ğŸ˜€",,,,,,,,,,,,,EficÃ¡cia,,Validar,FrustraÃ§Ã£o,,Validar,,,,
115,27/07/2021,"NÃ£o consigo assistir mais , sÃ³ aparece que "" NÃ£o foi possÃ­vel conectar ao Disney "" Eu pago pra assistir e quando quero nÃ£o consigo ğŸ˜¡ Arrumem isso logo :/",,,,,,,,,,,,,EficiÃªncia,,Validar,FrustraÃ§Ã£o,,Validar,,,,
116,27/07/2021,ğŸ˜±ğŸ˜±ğŸ˜ ğŸ˜ ğŸ˜ ğŸ™ŠğŸ˜¿ğŸ˜¿,,,,,,,,,,,,,SatisfaÃ§Ã£o,,Validar,FrustraÃ§Ã£o,,Validar,,,,
117,27/07/2021,"Tenho tido bastante problemas para utilizar, mesmo conectada ao Wi-fi, ele acusa que estou offline e tambÃ©m nÃ£o inicia nenhum programa. Ao entrar em contato com a Ajuda, eles falam que minha solicitaÃ§Ã£o besta em andamento e tem que esperar. Complicado estar pagando sem poder utilizar ğŸ˜’",,,,,,,,,,,,,EficiÃªncia,,Validar,FrustraÃ§Ã£o,,Validar,,,,
118,27/07/2021,App lixoğŸ˜¤ğŸ˜¤ğŸ˜¤ğŸ‘¿,,,,,,,,,,,,,SatisfaÃ§Ã£o,,Validar,FrustraÃ§Ã£o,,Validar,,,,
119,27/07/2021,Vai ter muita gente assistir o resto muito a pessoa nÃ£o ğŸ˜«ğŸ˜«ğŸ˜±ğŸ˜±ğŸ˜°ğŸ˜¨,,,,,,,,,,,,,SatisfaÃ§Ã£o,,Validar,FrustraÃ§Ã£o,,Validar,,,,
120,27/07/2021,Toppp amei novo filme na Disney luca lÃ¡ a Disney e o melhor app de assistir desenhosğŸ˜˜ğŸ˜˜ğŸ˜˜ğŸ˜˜ğŸ˜˜ğŸ¤©,,,,,,,,,,,,,SatisfaÃ§Ã£o,,Validar,SatisfaÃ§Ã£o,,Validar,,,,
121,27/07/2021,E perfeito ğŸ™Šâ¤ï¸,,,,,,,,,,,,,SatisfaÃ§Ã£o,,Validar,SatisfaÃ§Ã£o,,Validar,,,,
122,27/07/2021,Gostei nÃ£o trava bem fruido qualidade de imagem ğŸ“· boa nota 10,,,,,,,,,,,,,SatisfaÃ§Ã£o,,Validar,SatisfaÃ§Ã£o,,Validar,,,,
123,27/07/2021,O app e muito bom mas a Disney tem que diminuir o preÃ§o para assistir viÃºva Negra ğŸ˜,,,,,,,,,,,,,SatisfaÃ§Ã£o,,Validar,FrustraÃ§Ã£o,,Validar,,,,
124,27/07/2021,"No geral o app estÃ¡ bom mas precisa melhorar a qualidade do som, se implementar algum tipo de amplificador digital como tem no Kodi jÃ¡ seria bom e precisa melhorar essa instabilidade, passei o dia hoje sem conseguir acessar em nenhuma plataforma, justamente no dia do episÃ³dio final de Loki. ğŸ˜©",,,,,,,,,,,,,EficiÃªncia,,Validar,FrustraÃ§Ã£o,,Validar,,,,
125,27/07/2021,Muito bom mesmo ğŸ˜ƒ sÃ³ que ja anÃºncio cruella lÃ¡ e nÃ£o lanÃ§ou atÃ© agora o app Ã© bom mais demora de mais pra lanÃ§ar as coisas MDS eu tive que assistir em um link pq demora muito atÃ© agora nÃ£o lanÃ§ou e faz muito tempo mais Ã© isso o app Ã© bom â˜ºï¸,,,,,,,,,,,,,SatisfaÃ§Ã£o,,Validar,SatisfaÃ§Ã£o,,Validar,,,,