Postagem;UX (Av1);UX (Av2);Usabilidade (Av1);Usabilidade (Av2)
O app Ã© Ã³timo nÃ£o trava em nada super recomendo,vc pode fazer quantas atualizaÃ§Ãµes vc quiser ğŸ‘;MotivaÃ§Ã£o;SatisfaÃ§Ã£o;EficiÃªncia;SatisfaÃ§Ã£o
Amo ğŸ˜ğŸ˜;Afeto;SatisfaÃ§Ã£o;SatisfaÃ§Ã£o;SatisfaÃ§Ã£o
Ã“timo ğŸ‘;SatisfaÃ§Ã£o;SatisfaÃ§Ã£o;SatisfaÃ§Ã£o;SatisfaÃ§Ã£o
ğŸ‘;SatisfaÃ§Ã£o;FrustraÃ§Ã£o;SatisfaÃ§Ã£o;SatisfaÃ§Ã£o
Brasil usa mais que ğŸ¤ª;SatisfaÃ§Ã£o;SatisfaÃ§Ã£o;SatisfaÃ§Ã£o;SatisfaÃ§Ã£o
Ã“timo trabalho ğŸ˜€;SatisfaÃ§Ã£o;SatisfaÃ§Ã£o;SatisfaÃ§Ã£o;SatisfaÃ§Ã£o
Muito bom gostei do app recomendo vcs abaixarem ğŸ˜;SatisfaÃ§Ã£o;SatisfaÃ§Ã£o;SatisfaÃ§Ã£o;SatisfaÃ§Ã£o
Mto bom agr posso falar com meus amigos msm eles longe de mim ğŸ˜€ğŸ˜€ğŸ˜€;SatisfaÃ§Ã£o;SatisfaÃ§Ã£o;SatisfaÃ§Ã£o;SatisfaÃ§Ã£o
Amo whatsapp Messenger â¤ğŸ‘ğŸ’—â¤ muito legal WhatsApp â¤â¤â¤ğŸ’›ğŸ’š;Afeto;SatisfaÃ§Ã£o;SatisfaÃ§Ã£o;SatisfaÃ§Ã£o
Aaaah amoo muito Zap ğŸ˜â¤;Afeto;SatisfaÃ§Ã£o;SatisfaÃ§Ã£o;SatisfaÃ§Ã£o
Top gostei ğŸ¤œğŸ½ğŸ¤›ğŸ½;SatisfaÃ§Ã£o;;SatisfaÃ§Ã£o;
Muito bom app de comunicaÃ§Ã£o por isso recomendo a todos super ameiii E por isso deu 5 estrelinhasâ¤ï¸;SatisfaÃ§Ã£o;SatisfaÃ§Ã£o;SatisfaÃ§Ã£o;SatisfaÃ§Ã£o
Eu sÃ³ queria que desse pra colocar temas no WhatsApp normal igual da pra colocar no WhatsApp GBğŸ˜”;FrustraÃ§Ã£o;FrustraÃ§Ã£o;EficiÃªncia;SatisfaÃ§Ã£o
Oque fizeram com a cÃ¢mera do whatsapp com esse zooooom horrÃ­vel. Deus me livre tirem isso, tÃ£o tirando o resto de paciÃªncia q eu tenho pra tirar foto.ğŸ¤¬;FrustraÃ§Ã£o;FrustraÃ§Ã£o;EficiÃªncia;EficiÃªncia
Muito bom ğŸ‘;SatisfaÃ§Ã£o;SatisfaÃ§Ã£o;SatisfaÃ§Ã£o;SatisfaÃ§Ã£o
ğŸ‘ğŸ‘ğŸ‘;SatisfaÃ§Ã£o;SatisfaÃ§Ã£o;SatisfaÃ§Ã£o;SatisfaÃ§Ã£o
Ã© legal mas tem vezes que ele trava e tem uma semana que nÃ£o mecho tÃ´ inloquesendo ğŸ˜­;FrustraÃ§Ã£o;FrustraÃ§Ã£o;EficiÃªncia;EficiÃªncia
Meu whats nao quer funcionar de jeito nenhum nao sei por que estou com uma net Boa, tipo ele mÃ£o quer recarregar as coisas, Ã¡udios, fotos, videos, status... Queria muito que meu whats voltasse ao normal ja vai fazer uma semana isso ja ğŸ˜¡;FrustraÃ§Ã£o;FrustraÃ§Ã£o;EficiÃªncia;EficiÃªncia
Muito bom ğŸ’–ğŸ’–ğŸ’–;SatisfaÃ§Ã£o;SatisfaÃ§Ã£o;SatisfaÃ§Ã£o;SatisfaÃ§Ã£o
Muito bom mas prefiro o whatsapp GB muito mais melhor que esseğŸ‘ğŸ‘ğŸ‘ğŸ‘;SatisfaÃ§Ã£o;SatisfaÃ§Ã£o;SatisfaÃ§Ã£o;SatisfaÃ§Ã£o
ğŸ’–ğŸ’–ğŸ’–ğŸ’–ğŸ’–;SatisfaÃ§Ã£o;SatisfaÃ§Ã£o;SatisfaÃ§Ã£o;SatisfaÃ§Ã£o
Eu nunca tive problema com o zap, mas depois da Ãºltima atualizaÃ§Ã£o, eu nÃ£o consigo mas enviar um vÃ­deo de 20 minutos, coloco pra enviar e o vÃ­deo vai so 5 ou 6 minutos como se eu estivesse cortado, tÃ¡ horrÃ­vel e sem contar com o Ã¡udio sai trÃªmindo, nÃ£o consigo estudar direito!!!!ğŸ˜¬ğŸ˜¤;FrustraÃ§Ã£o;FrustraÃ§Ã£o;EficiÃªncia;SatisfaÃ§Ã£o
Super mega bom ğŸ˜ğŸ˜ğŸ˜ğŸ˜†;SatisfaÃ§Ã£o;SatisfaÃ§Ã£o;SatisfaÃ§Ã£o;SatisfaÃ§Ã£o
Oi omeu nome e maria vitoriağŸ˜’ ese a plicativo e muito rumğŸ˜’;FrustraÃ§Ã£o;FrustraÃ§Ã£o;SatisfaÃ§Ã£o;SatisfaÃ§Ã£o
Muito bom maravilhoso (â—â€¢á´—â€¢â—)â¤(â—â€¢á´—â€¢â—)â¤;SatisfaÃ§Ã£o;SatisfaÃ§Ã£o;SatisfaÃ§Ã£o;SatisfaÃ§Ã£o
App bom porem eu queria que podesse tipo pegar um video dos status sem precisa ta pedindo a pessoa,fora isso ta tudo okğŸ’â™¥ï¸ğŸ–¤;SatisfaÃ§Ã£o;SatisfaÃ§Ã£o;EficiÃªncia;SatisfaÃ§Ã£o
ğŸ˜ğŸ˜˜;SatisfaÃ§Ã£o;SatisfaÃ§Ã£o;SatisfaÃ§Ã£o;SatisfaÃ§Ã£o
Depois dessa Ãºltima atualizaÃ§Ã£o sempre que eu posto alguÃ©m vÃ­deo no status perde toda a qualidade e antes nÃ£o era assim , arrumem isso estÃ¡ horrÃ­vel ğŸ™„ğŸ™„ğŸ™„;FrustraÃ§Ã£o;FrustraÃ§Ã£o;EficiÃªncia;SatisfaÃ§Ã£o
ğŸ‘;SatisfaÃ§Ã£o;SatisfaÃ§Ã£o;SatisfaÃ§Ã£o;SatisfaÃ§Ã£o
Bom ğŸ˜€ watiz;SatisfaÃ§Ã£o;SatisfaÃ§Ã£o;SatisfaÃ§Ã£o;SatisfaÃ§Ã£o
ğŸ˜ğŸ˜ğŸ˜;SatisfaÃ§Ã£o;SatisfaÃ§Ã£o;SatisfaÃ§Ã£o;SatisfaÃ§Ã£o
ğŸ˜ğŸ˜ğŸ˜ğŸ˜;SatisfaÃ§Ã£o;SatisfaÃ§Ã£o;SatisfaÃ§Ã£o;SatisfaÃ§Ã£o
Desinstalei por motivo de espaÃ§o, estou tentando instalar denovo estou com dificuldades nÃ£o quer instalar ğŸ˜‘;FrustraÃ§Ã£o;FrustraÃ§Ã£o;EficiÃªncia;EficiÃªncia
ğŸš·ğŸšµğŸ’¸ğŸ½ğŸ¤ğŸ¢vğŸ›‚ğŸ›‚ğŸš´â™¨ğŸ›ƒâ›½ğŸšµdğŸ‘eğŸ›„ğŸš´ğŸ›…ğŸ’¸ğŸš¬ğŸ˜§ğŸ˜‰ğŸ˜ğŸ“€ã€½ğŸğŸ;SatisfaÃ§Ã£o;;SatisfaÃ§Ã£o;
Ã‰ um aplicativo Ã³timo ğŸ˜â¤ï¸â¤ï¸â¤ï¸;SatisfaÃ§Ã£o;SatisfaÃ§Ã£o;SatisfaÃ§Ã£o;SatisfaÃ§Ã£o
Quero atualizaÃ§Ã£o ğŸ˜• tÃ¡ orivel tira foto do whatsapp com esse zoom;FrustraÃ§Ã£o;FrustraÃ§Ã£o;EficiÃªncia;EficiÃªncia
queria a opÃ§Ã£o de colocar outros tipos de emoji e temasğŸ˜ŸğŸ¤˜;FrustraÃ§Ã£o;Afeto;EficiÃªncia;SatisfaÃ§Ã£o
NÃ£o recomendo mais e bom pode ser kkkkkkkkkkkkkkkkkkkğŸ˜€ğŸ˜€ğŸ˜† pareiğŸ˜”âœ‹;SatisfaÃ§Ã£o;SatisfaÃ§Ã£o;SatisfaÃ§Ã£o;SatisfaÃ§Ã£o
Amooo Whatsapp ğŸ¤£ğŸ¤ªğŸ¤£ğŸ¤ª;SatisfaÃ§Ã£o;SatisfaÃ§Ã£o;SatisfaÃ§Ã£o;SatisfaÃ§Ã£o
E muito bom recomendo baixaâ¤â¤â¤ğŸ‘†ğŸ‘†ğŸ‘†ğŸ‘†ğŸ‘†;SatisfaÃ§Ã£o;;SatisfaÃ§Ã£o;
ğŸ‘;SatisfaÃ§Ã£o;SatisfaÃ§Ã£o;SatisfaÃ§Ã£o;SatisfaÃ§Ã£o
Esse awhatsapp e muito massa kkkâ¤;SatisfaÃ§Ã£o;SatisfaÃ§Ã£o;SatisfaÃ§Ã£o;SatisfaÃ§Ã£o
Ficaria melhor se tivesse efeitos nas chamadas tipo as do Instagram.PetiÃ§Ã£o pro WhatsApp colocar efeitos nas chamadas de vÃ­deo Lara Beatriz âœğŸ¼;MotivaÃ§Ã£o;;EficiÃªncia;
Tem sido muito divertido participar desse app. ParabÃ©ns!ğŸ˜ğŸ˜;SatisfaÃ§Ã£o;SatisfaÃ§Ã£o;SatisfaÃ§Ã£o;SatisfaÃ§Ã£o
Deus Ã© Deus ğŸ™ŒğŸ™ğŸ™â¤ï¸;SatisfaÃ§Ã£o;SatisfaÃ§Ã£o;SatisfaÃ§Ã£o;SatisfaÃ§Ã£o
adorei o app perfeitoğŸ’…;SatisfaÃ§Ã£o;SatisfaÃ§Ã£o;SatisfaÃ§Ã£o;SatisfaÃ§Ã£o
Eu nÃ£o gosto de Whatsapp, uso porque sou obrigada ğŸ˜¢;FrustraÃ§Ã£o;FrustraÃ§Ã£o;SatisfaÃ§Ã£o;EficiÃªncia
Acabei de atualizar eu amei por causa do negÃ³cio de voz de Ã¡udio da pra por no 3Ã— 2Ã— 1Ã— kkkkkkkk ameiiiğŸ˜‚â¤;SatisfaÃ§Ã£o;SatisfaÃ§Ã£o;SatisfaÃ§Ã£o;SatisfaÃ§Ã£o
porque vcs nÃ£o ampliam o programa beta pois meu tablet nÃ£o esta participando do progama beta pois diz que atingiu o limite de particantes ğŸ˜¡;FrustraÃ§Ã£o;FrustraÃ§Ã£o;SatisfaÃ§Ã£o;EficiÃªncia
Eu tive que tirar tudo que eu Tenho olha que eu tenha sÃ³ 2 aplicativos 2 APLICATIVOS e todas as minhas fotos tudo tudo tudo aaaaaaaaaaaaaaağŸ‘¹ğŸ‘¹ğŸ”¥ğŸ”¥ğŸ˜ˆğŸ˜¡ğŸ˜¡ğŸ˜£ğŸ˜«ğŸ˜¾ğŸ’¢ğŸ’¢ğŸ’¢ğŸ‘¿ğŸ‘¿ğŸ‘¿ğŸ‘¿ğŸ˜„ğŸ˜ ğŸ’¢ğŸ˜ ğŸ˜¡ğŸ˜¡ğŸ˜£ğŸ˜¤ğŸ˜¤ğŸ˜¤ğŸ˜¤ğŸ˜¤ğŸ˜¤ğŸ˜¤ğŸ˜¤ğŸ˜¾ sÃ³ por causa disso ğŸ˜ o resto e mais ou menos ğŸ±;FrustraÃ§Ã£o;FrustraÃ§Ã£o;EficiÃªncia;SatisfaÃ§Ã£o
ğŸ˜‰ğŸ˜‰ğŸ˜‰ğŸ˜‰ğŸ˜‰ğŸ˜‰ğŸ˜‰adorei muito ğŸ‘¸kkkkkkkkk eu tou muito feliz;SatisfaÃ§Ã£o;SatisfaÃ§Ã£o;SatisfaÃ§Ã£o;SatisfaÃ§Ã£o
UwU SO RICA ğŸ’…;SatisfaÃ§Ã£o;SatisfaÃ§Ã£o;SatisfaÃ§Ã£o;SatisfaÃ§Ã£o
ğŸ¤©;SatisfaÃ§Ã£o;SatisfaÃ§Ã£o;SatisfaÃ§Ã£o;SatisfaÃ§Ã£o
AmeiiiiiiiiiiiiiiiğŸ’š;SatisfaÃ§Ã£o;SatisfaÃ§Ã£o;SatisfaÃ§Ã£o;SatisfaÃ§Ã£o
Ã³timo o App so q essa Ãºltima atualizaÃ§Ã£o fico horrÃ­vel mas tirando isso o App e Ã³timo parabÃ©ns pelo trabalho perfeito ğŸ˜˜amei o App so q esta atualizaÃ§Ã£o atrapalho muito eu podia dar 5 Estrela so q por causa disso vo dar 4 ğŸ˜™ espera q a prÃ³xima atualizaÃ§Ã£o seja bem melhor;SatisfaÃ§Ã£o;SatisfaÃ§Ã£o;SatisfaÃ§Ã£o;SatisfaÃ§Ã£o
Whatszap 2ğŸ˜ğŸ‘ K;SatisfaÃ§Ã£o;SatisfaÃ§Ã£o;SatisfaÃ§Ã£o;SatisfaÃ§Ã£o
Muito bom para conversar mais podia tem uma opÃ§Ã£o de dar dinheiro um para outro mais e muito bom mesmo ğŸ‘ğŸ‘;SatisfaÃ§Ã£o;SatisfaÃ§Ã£o;EficiÃªncia;SatisfaÃ§Ã£o
AdoreiğŸ˜ğŸ˜;Afeto;SatisfaÃ§Ã£o;SatisfaÃ§Ã£o;SatisfaÃ§Ã£o
Muito bom o whatsapp ğŸ˜„ğŸ˜„ğŸ˜„ğŸ˜„ğŸ˜„ğŸ˜„;SatisfaÃ§Ã£o;SatisfaÃ§Ã£o;SatisfaÃ§Ã£o;SatisfaÃ§Ã£o
ğŸ‘ğŸ˜˜AMO A MINHA VIDA;Afeto;SatisfaÃ§Ã£o;SatisfaÃ§Ã£o;SatisfaÃ§Ã£o
Bom ğŸ‘;SatisfaÃ§Ã£o;SatisfaÃ§Ã£o;SatisfaÃ§Ã£o;SatisfaÃ§Ã£o
WhatsApp muito divertidoğŸ˜˜;SatisfaÃ§Ã£o;SatisfaÃ§Ã£o;SatisfaÃ§Ã£o;SatisfaÃ§Ã£o
Ã‰ Ã³timo aplicativo da pra fazer ligaÃ§Ãµes ğŸ’“ğŸ’“;SatisfaÃ§Ã£o;SatisfaÃ§Ã£o;SatisfaÃ§Ã£o;SatisfaÃ§Ã£o
ğŸ˜â¤ï¸;SatisfaÃ§Ã£o;SatisfaÃ§Ã£o;SatisfaÃ§Ã£o;SatisfaÃ§Ã£o
ğŸ˜€;SatisfaÃ§Ã£o;SatisfaÃ§Ã£o;SatisfaÃ§Ã£o;SatisfaÃ§Ã£o
HorrÃ­vel ğŸ¤®ğŸ¤¢ğŸ¤¢ğŸ¤ªğŸ¤®ğŸ¤¢ğŸ¤¢ğŸ¤¢ğŸ¤®ğŸ¤®ğŸ¤®ğŸ¤¢ğŸ¤¢ğŸ¤•ğŸ¤¥ğŸ¤®ğŸ˜±ğŸ¤’ğŸ¤®ğŸ¤¥ğŸ¤®ğŸ¤’ğŸ¤®ğŸ˜¡ğŸ¤’ğŸ˜±ğŸ¤®ğŸ¤’ğŸ˜±ğŸ¤®ğŸ¤®ğŸ˜ ğŸ¤§ğŸ¤’ğŸ¤§ğŸ˜±ğŸ¤’;FrustraÃ§Ã£o;FrustraÃ§Ã£o;SatisfaÃ§Ã£o;EficiÃªncia
ğŸ¥°ğŸ¥°ğŸ¥°ğŸ¤©;SatisfaÃ§Ã£o;SatisfaÃ§Ã£o;SatisfaÃ§Ã£o;SatisfaÃ§Ã£o
ğŸ™ŒğŸ¤³;SatisfaÃ§Ã£o;SatisfaÃ§Ã£o;SatisfaÃ§Ã£o;SatisfaÃ§Ã£o
Faz uns 4 dias que nÃ£o consigo mandar ou baixar qualquer arquivo. Nem audios, imagens, vÃ­deos ou atÃ© mesmos as figurinhas. JÃ¡ restaurei o meu celular, baixei o aplicativo novamente e continuar dando falha ao fazer o download. ğŸ˜¦ğŸ˜¦;FrustraÃ§Ã£o;;EficiÃªncia;
ğŸ‘;SatisfaÃ§Ã£o;SatisfaÃ§Ã£o;SatisfaÃ§Ã£o;SatisfaÃ§Ã£o
ğŸ˜‚;SatisfaÃ§Ã£o;SatisfaÃ§Ã£o;SatisfaÃ§Ã£o;SatisfaÃ§Ã£o
UtiuğŸ˜ğŸ˜;SatisfaÃ§Ã£o;SatisfaÃ§Ã£o;SatisfaÃ§Ã£o;SatisfaÃ§Ã£o
Resolveram o problema da cÃ¢mera com zoomğŸ™, atÃ© agora perfeito.;SatisfaÃ§Ã£o;FrustraÃ§Ã£o;SatisfaÃ§Ã£o;SatisfaÃ§Ã£o
â¤ï¸;SatisfaÃ§Ã£o;SatisfaÃ§Ã£o;SatisfaÃ§Ã£o;SatisfaÃ§Ã£o
Boa Rede SocialğŸ‘ğŸ¼;SatisfaÃ§Ã£o;SatisfaÃ§Ã£o;SatisfaÃ§Ã£o;EficiÃªncia
Bug nÃ£o consigo receber nem enviar Ã¡udios! ğŸ˜¡;FrustraÃ§Ã£o;FrustraÃ§Ã£o;EficiÃªncia;EficiÃªncia
Bom ğŸ˜€;SatisfaÃ§Ã£o;SatisfaÃ§Ã£o;SatisfaÃ§Ã£o;SatisfaÃ§Ã£o
Meu watts nÃ£o estÃ¡ funcionando, nÃ£o estÃ¡ respondendo tbm ğŸ˜¤ meus ctt nÃ£o abrem direito nÃ£o consigo ver o perfil da pessoa;FrustraÃ§Ã£o;FrustraÃ§Ã£o;EficiÃªncia;EficiÃªncia
Excepcional ğŸ˜;SatisfaÃ§Ã£o;SatisfaÃ§Ã£o;SatisfaÃ§Ã£o;SatisfaÃ§Ã£o
Achei um lixo a nova atualizaÃ§Ã£o para que ficar com os arquivados em cima atrapalhando tudo ğŸ˜’ğŸ˜’;FrustraÃ§Ã£o;FrustraÃ§Ã£o;EficiÃªncia;SatisfaÃ§Ã£o
AMO ESTE APP! ğŸ’š;Afeto;SatisfaÃ§Ã£o;SatisfaÃ§Ã£o;SatisfaÃ§Ã£o
ğŸ‘ğŸ‘ğŸ‘;FrustraÃ§Ã£o;FrustraÃ§Ã£o;SatisfaÃ§Ã£o;SatisfaÃ§Ã£o
Show de bola..!!! ğŸ™ğŸ™ğŸ™;SatisfaÃ§Ã£o;FrustraÃ§Ã£o;SatisfaÃ§Ã£o;SatisfaÃ§Ã£o
TÃ¡ OK ğŸ‘Œ, que 1;SatisfaÃ§Ã£o;SatisfaÃ§Ã£o;SatisfaÃ§Ã£o;SatisfaÃ§Ã£o
ğŸ˜;SatisfaÃ§Ã£o;SatisfaÃ§Ã£o;SatisfaÃ§Ã£o;SatisfaÃ§Ã£o
Mto bom ğŸ‘ğŸ‘;SatisfaÃ§Ã£o;SatisfaÃ§Ã£o;SatisfaÃ§Ã£o;SatisfaÃ§Ã£o
Tudo ğŸ˜˜ğŸ¤©;SatisfaÃ§Ã£o;SatisfaÃ§Ã£o;SatisfaÃ§Ã£o;SatisfaÃ§Ã£o
Ã‰ Ã³timo mais depois o Whatsapp ficou tudo au contrÃ¡rio ğŸ§;FrustraÃ§Ã£o;;SatisfaÃ§Ã£o;
Muito bom amei essa atualizaÃ§Ã£o â¤ğŸ’•ğŸ’•ğŸ’•;Afeto;SatisfaÃ§Ã£o;SatisfaÃ§Ã£o;SatisfaÃ§Ã£o
ğŸ˜ğŸ˜ğŸ˜ğŸ˜;SatisfaÃ§Ã£o;SatisfaÃ§Ã£o;SatisfaÃ§Ã£o;SatisfaÃ§Ã£o
Adorei ğŸ˜ğŸ˜ğŸ‘ğŸ‘;SatisfaÃ§Ã£o;SatisfaÃ§Ã£o;SatisfaÃ§Ã£o;SatisfaÃ§Ã£o
ğŸ˜šğŸ˜šğŸ˜šğŸ˜šğŸ˜šğŸ˜šğŸ˜šğŸ’ªğŸ‘ğŸ‘ğŸ‘ğŸ‘ğŸ˜‡ğŸ˜‡;SatisfaÃ§Ã£o;SatisfaÃ§Ã£o;SatisfaÃ§Ã£o;SatisfaÃ§Ã£o
Joinha ğŸ‘ğŸ¤—ğŸ‘;SatisfaÃ§Ã£o;SatisfaÃ§Ã£o;SatisfaÃ§Ã£o;SatisfaÃ§Ã£o
ğŸ‘;SatisfaÃ§Ã£o;SatisfaÃ§Ã£o;SatisfaÃ§Ã£o;SatisfaÃ§Ã£o
Eu nÃ£o gostei por que eu nÃ£o consigo instalar ğŸ˜”;FrustraÃ§Ã£o;FrustraÃ§Ã£o;EficiÃªncia;SatisfaÃ§Ã£o
TOP E MUINTO BOM FALO COM A MINHA FAMILHA E AMIGO PARABENS PRA QUEN FES ISO BEJOS â¤ğŸ’‹ğŸ‘ğŸ‘;SatisfaÃ§Ã£o;SatisfaÃ§Ã£o;SatisfaÃ§Ã£o;SatisfaÃ§Ã£o
ğŸ’•ğŸ¤˜ğŸ»ğŸ¤©;SatisfaÃ§Ã£o;SatisfaÃ§Ã£o;SatisfaÃ§Ã£o;SatisfaÃ§Ã£o
App que amo e o melhor de todos os tempos ğŸ˜ğŸ˜ğŸ˜;SatisfaÃ§Ã£o;SatisfaÃ§Ã£o;SatisfaÃ§Ã£o;SatisfaÃ§Ã£o
Legal ğŸ‘;SatisfaÃ§Ã£o;SatisfaÃ§Ã£o;SatisfaÃ§Ã£o;SatisfaÃ§Ã£o
Essa M3Â®d@ nÃ£o tÃ¡ enviando o cÃ³digo desde de ontem eu preciso fala com minha irma urgente e a mÂ£Â®D# desse cÃ³digo n chega ğŸ˜ ğŸ¤¬ğŸ¤¬ si nÃ£o chegar .. vcs vÃ£o ver;FrustraÃ§Ã£o;FrustraÃ§Ã£o;EficiÃªncia;
ğŸ‘ğŸ‘ğŸ‘ğŸ‘ğŸ‘ğŸ‘ğŸ‘ğŸ‘ğŸ‘ğŸ‘ğŸ‘;SatisfaÃ§Ã£o;SatisfaÃ§Ã£o;SatisfaÃ§Ã£o;SatisfaÃ§Ã£o
JÃ¡ foi muito bom, mas depois dessa Ãºltima atualizaÃ§Ã£o ficou pÃ©ssimo nÃ£o consegue enviar um vÃ­deo maior que 2 minutos e 50 segundos, atualizaÃ§Ã£o deveria melhorar mas piorou e muito ğŸ‘ğŸ‘ğŸ‘ğŸ‘ğŸ‘ğŸ‘ğŸ‘ğŸ‘ğŸ‘ğŸ‘ğŸ‘ğŸ‘ğŸ‘ğŸ‘ğŸ‘ğŸ‘ğŸ‘;FrustraÃ§Ã£o;FrustraÃ§Ã£o;EficiÃªncia;SatisfaÃ§Ã£o
Nossa internet aqui nÃ£o pode ser assim obg pela atenÃ§Ã£o das coisas que eu tenho mais â˜ºï¸ vc nÃ£o vai me trava de novo ğŸ˜• APERTE tÃ¡ bom entÃ£o vem a gente;FrustraÃ§Ã£o;SatisfaÃ§Ã£o;EficiÃªncia;SatisfaÃ§Ã£o
TÃ¡ bem ruim ultimamente ğŸ˜ ;FrustraÃ§Ã£o;FrustraÃ§Ã£o;EficiÃªncia;SatisfaÃ§Ã£o
Tive que desinstalar atÃ© o meu atÃ© o meu Instagram ğŸ˜¢ğŸ˜¢;FrustraÃ§Ã£o;FrustraÃ§Ã£o;EficiÃªncia;EficiÃªncia
Eu atualizei meu zap Ã© agora apagou todas as minha mensagem apagaram do dia 23 para cÃ¡ğŸ˜¡ğŸ˜¡ğŸ˜¡ğŸ˜¡ğŸ˜¡;FrustraÃ§Ã£o;FrustraÃ§Ã£o;EficiÃªncia;EficiÃªncia
Um Ã³timo App baixem e divirta-se tirando os trava whatsapp nÃ© ğŸ™‚;SatisfaÃ§Ã£o;SatisfaÃ§Ã£o;SatisfaÃ§Ã£o;SatisfaÃ§Ã£o
AmeiğŸ˜ŠğŸ’– mt bom;Afeto;SatisfaÃ§Ã£o;SatisfaÃ§Ã£o;SatisfaÃ§Ã£o
Muito Ã³timo mais de uns dias pra cÃ¡ ele comeÃ§ou a ficar ruim NÃ£o abri Ã¡udio NÃ£o abri fotos NÃ£o abri vÃ­deos SÃ³ presta mensagens escritas entÃ£o estÃ¡ muito ruim se vocÃªs pudesse arrumar ficaria Ã³timo ğŸ˜¤;FrustraÃ§Ã£o;FrustraÃ§Ã£o;EficiÃªncia;EficiÃªncia
Ã“timo ğŸ‘;SatisfaÃ§Ã£o;SatisfaÃ§Ã£o;SatisfaÃ§Ã£o;SatisfaÃ§Ã£o
eu achei muito bom ğŸ˜˜ğŸ˜˜ğŸ˜˜ğŸ˜˜;SatisfaÃ§Ã£o;SatisfaÃ§Ã£o;SatisfaÃ§Ã£o;SatisfaÃ§Ã£o
Muito bom.â¤ï¸â¤ï¸ âœ…tiktok:@danielysouto4. âœ…Instagram:@daniely_souto829. âœ…kwai:ï¼ daniely_souto829. âœ…YouTube: Daniely Souto.;SatisfaÃ§Ã£o;;SatisfaÃ§Ã£o;
Ã“timo app ğŸ˜;SatisfaÃ§Ã£o;SatisfaÃ§Ã£o;SatisfaÃ§Ã£o;SatisfaÃ§Ã£o
Essa nova atualizaÃ§Ã£o deixou uma ğŸ’©ğŸ’©ğŸ’©ğŸ’©ğŸ’©ğŸ’©ğŸ’©ğŸ’©ğŸ’©ğŸ’©ğŸ’©ğŸ’©ğŸ’©ğŸ’©ğŸ’©ğŸ’©ğŸ’©;FrustraÃ§Ã£o;FrustraÃ§Ã£o;EficiÃªncia;SatisfaÃ§Ã£o
Muito bom ğŸ¤—ğŸ¤—ğŸ¤—;SatisfaÃ§Ã£o;SatisfaÃ§Ã£o;SatisfaÃ§Ã£o;SatisfaÃ§Ã£o
Essa nova atualizaÃ§Ã£o estÃ¡ um lixo vou comeÃ§a ussa o telegram ğŸ˜¡ğŸ˜¡ğŸ˜¡ğŸ˜¡ğŸ˜¡;FrustraÃ§Ã£o;FrustraÃ§Ã£o;EficiÃªncia;EficiÃªncia
Legal Divertido ğŸ‘ğŸ‘;SatisfaÃ§Ã£o;SatisfaÃ§Ã£o;SatisfaÃ§Ã£o;SatisfaÃ§Ã£o
App maravilhoso ğŸ˜ğŸ˜ğŸ˜;SatisfaÃ§Ã£o;SatisfaÃ§Ã£o;SatisfaÃ§Ã£o;SatisfaÃ§Ã£o
Muito ruim ğŸ˜­ğŸ˜­ demora mt demora ate 4h;FrustraÃ§Ã£o;FrustraÃ§Ã£o;EficiÃªncia;EficiÃªncia
ğŸ‘ğŸ‘ğŸ‘ğŸ‘ğŸ‘;SatisfaÃ§Ã£o;SatisfaÃ§Ã£o;SatisfaÃ§Ã£o;SatisfaÃ§Ã£o
Muito bom ğŸ˜ŠğŸ˜Š;SatisfaÃ§Ã£o;SatisfaÃ§Ã£o;SatisfaÃ§Ã£o;SatisfaÃ§Ã£o
Ã“timo ğŸ˜;SatisfaÃ§Ã£o;SatisfaÃ§Ã£o;SatisfaÃ§Ã£o;SatisfaÃ§Ã£o
Muito otimo ğŸ˜˜ğŸ˜ğŸ¤—;SatisfaÃ§Ã£o;SatisfaÃ§Ã£o;SatisfaÃ§Ã£o;SatisfaÃ§Ã£o
â˜ºğŸ˜ŠğŸ˜€ğŸ˜ğŸ˜‚ğŸ˜ƒğŸ˜„ğŸ˜…ğŸ˜†ğŸ˜‰ğŸ˜¯ğŸ˜ğŸ˜‘ğŸ˜•ğŸ˜ ğŸ˜¬ğŸ˜¡ğŸ˜¢ğŸ˜´ğŸ˜®ğŸ˜£ğŸ˜¤ğŸ˜¥ğŸ˜¦ğŸ˜§ğŸ˜¨ğŸ˜©ğŸ˜°ğŸ˜ŸğŸ˜±ğŸ˜²ğŸ˜³ğŸ˜µğŸ˜¶ğŸ˜·ğŸ˜ğŸ˜’ğŸ˜­ğŸ˜ŒğŸ˜–ğŸ˜”ğŸ˜ªğŸ˜ğŸ˜“ğŸ˜«;SatisfaÃ§Ã£o;FrustraÃ§Ã£o;SatisfaÃ§Ã£o;SatisfaÃ§Ã£o
Muito bom ğŸ˜ƒ;SatisfaÃ§Ã£o;SatisfaÃ§Ã£o;SatisfaÃ§Ã£o;SatisfaÃ§Ã£o
Ele nÃ£o estÃ¡ abrindo os vÃ­deos do status ou quando vou colocar um vÃ­deo no meu status nÃ£o abaixa e tbm quando eu mando vÃ­deo pra pessoa tbm nÃ£o manda quero que resolvam esse problemağŸ˜’ por favor;FrustraÃ§Ã£o;FrustraÃ§Ã£o;EficÃ¡cia;SatisfaÃ§Ã£o
Fica dando falha no dowload muito chato isso,atualizaÃ§ao ruim, tem que resolverğŸ˜¤;FrustraÃ§Ã£o;FrustraÃ§Ã£o;EficiÃªncia;EficiÃªncia
Ã“timo ğŸ‘;SatisfaÃ§Ã£o;SatisfaÃ§Ã£o;SatisfaÃ§Ã£o;SatisfaÃ§Ã£o
Ele e perfeito mas queria muito uma nova atualizaÃ§ao quando a gente tiver procurando figurinha aparecese procurando figurinhağŸ™‚;SatisfaÃ§Ã£o;SatisfaÃ§Ã£o;SatisfaÃ§Ã£o;SatisfaÃ§Ã£o
Muito bom esse app. ğŸ‘;SatisfaÃ§Ã£o;SatisfaÃ§Ã£o;SatisfaÃ§Ã£o;SatisfaÃ§Ã£o
Agora sim a cÃ¢mera do WhatsApp voltou ao normal. Em si o aplicativo Ã© Ã³timo. ğŸ‘;SatisfaÃ§Ã£o;SatisfaÃ§Ã£o;SatisfaÃ§Ã£o;SatisfaÃ§Ã£o
Muito bom ğŸ˜ƒ;SatisfaÃ§Ã£o;SatisfaÃ§Ã£o;SatisfaÃ§Ã£o;SatisfaÃ§Ã£o
Bom dia o App nÃ£o funciona pra enviar e receber mÃ­dias depois da atualizaÃ§Ã£o ğŸ˜ ğŸ˜ ğŸ˜ . Qual Ã¡ necessidade de colocar novas funÃ§Ãµes, se nem conseguimos utilizar as que jÃ¡ existiam.;FrustraÃ§Ã£o;FrustraÃ§Ã£o;EficiÃªncia;SatisfaÃ§Ã£o
whats ta tirando a qualidade das fts ğŸ¥²;FrustraÃ§Ã£o;null;EficiÃªncia;null
Que atualizaÃ§ao foi essa?horrivÃ©l as conversas arquivadas encima e o auge meus jesus, a pior atualizaÃ§Ã£o desse appğŸ¤¦;FrustraÃ§Ã£o;FrustraÃ§Ã£o;SatisfaÃ§Ã£o;EficiÃªncia
Whatazap!!!! ğŸ˜ˆğŸ˜ˆ;SatisfaÃ§Ã£o;FrustraÃ§Ã£o;SatisfaÃ§Ã£o;SatisfaÃ§Ã£o
tÃ¡, muito ruim, som dos Ã¡udios, ğŸ˜¡;FrustraÃ§Ã£o;FrustraÃ§Ã£o;EficiÃªncia;EficiÃªncia
NÃ£o dÃ¡ mais pra enviar um vÃ­deo inteiro ğŸ˜¤ğŸ˜¤;FrustraÃ§Ã£o;FrustraÃ§Ã£o;EficiÃªncia;EficiÃªncia
Gente uma coisa que eu descobri Ã© que tem jogo nele tem mais eu acho que vcs sabiam nÃ£oğŸ˜€ğŸ˜€ğŸ˜€ğŸ˜€ğŸ˜€ğŸ˜€ğŸ˜€ğŸ˜€ğŸ˜€ğŸ˜€ğŸ˜€ğŸ˜€ğŸ˜€ğŸ˜€ğŸ˜€ğŸ˜€ğŸ˜€ğŸ˜€ğŸ˜€ğŸ˜€ğŸ˜€ğŸ˜€ğŸ˜€ğŸ˜€ğŸ˜€ğŸ˜€ğŸ˜€ğŸ˜€ğŸ˜€ğŸ˜€ğŸ˜€ğŸ˜€ğŸ˜€ğŸ˜€ğŸ˜€ğŸ˜€ğŸ˜€ğŸ˜€ğŸ˜€ğŸ˜€ğŸ˜€ğŸ˜€ğŸ˜€ğŸ˜€ğŸ˜€ğŸ˜€ğŸ˜€ğŸ˜€ğŸ˜€ğŸ˜€ğŸ˜€ğŸ˜€ğŸ˜€ğŸ˜€ğŸ˜€ğŸ˜€ğŸ˜€ğŸ˜€ğŸ˜€ğŸ˜€ğŸ˜€ğŸ˜€ğŸ˜€ğŸ˜€ğŸ˜€ğŸ˜€iğŸ˜€ğŸ˜€ğŸ˜€ğŸ˜€ğŸ˜€ğŸ˜€ğŸ˜€ğŸ˜€ğŸ˜€ğŸ˜€ğŸ˜€ğŸ˜€ğŸ˜€ğŸ˜€ğŸ˜€ğŸ˜€ğŸ˜€ğŸ˜€ğŸ˜€ğŸ˜€ğŸ˜€ğŸ˜€ğŸ˜€ğŸ˜€ğŸ˜€ğŸ˜€ğŸ˜€ğŸ˜€ğŸ˜€ğŸ˜€ğŸ˜€ğŸ˜€ğŸ˜€ğŸ˜€ğŸ˜€ğŸ˜€ğŸ˜€ğŸ˜€ğŸ˜€ğŸ˜€â€¦;SatisfaÃ§Ã£o;SatisfaÃ§Ã£o;Aprendizado;SatisfaÃ§Ã£o
O melhor Whatsapp ele Ã© bom nÃ£o trava â¤ï¸ğŸ‘;SatisfaÃ§Ã£o;SatisfaÃ§Ã£o;EficiÃªncia;SatisfaÃ§Ã£o
Muito Ãºtil pra tudo, vcs estÃ£ode parabÃ©ns ğŸ˜ğŸ˜ğŸ˜;SatisfaÃ§Ã£o;SatisfaÃ§Ã£o;Utilidade;SatisfaÃ§Ã£o
ğŸ˜ğŸ˜;SatisfaÃ§Ã£o;SatisfaÃ§Ã£o;SatisfaÃ§Ã£o;SatisfaÃ§Ã£o
ğŸ˜ğŸ˜ğŸ˜ğŸ˜ğŸ˜ğŸ˜;SatisfaÃ§Ã£o;SatisfaÃ§Ã£o;SatisfaÃ§Ã£o;SatisfaÃ§Ã£o
O whatsapp tem melhorado a cada dia e mÃªs que passa âœŠğŸ˜”;SatisfaÃ§Ã£o;SatisfaÃ§Ã£o;SatisfaÃ§Ã£o;SatisfaÃ§Ã£o
Emcriveeel muito bom mesmo da pra eu comverssa com a milha familia de longe muito mes parabÃ©ns ao criadorğŸ˜˜ğŸ’ğŸ’–ğŸŒŸğŸ’œ;Afeto;SatisfaÃ§Ã£o;SatisfaÃ§Ã£o;SatisfaÃ§Ã£o
SatisfatÃ³ria ğŸ™ğŸ‘ğŸ‘ğŸ‘ğŸ‘;SatisfaÃ§Ã£o;SatisfaÃ§Ã£o;SatisfaÃ§Ã£o;SatisfaÃ§Ã£o
Bom para o trabalho ğŸ˜;SatisfaÃ§Ã£o;SatisfaÃ§Ã£o;SatisfaÃ§Ã£o;SatisfaÃ§Ã£o
Muito BomğŸ‘;SatisfaÃ§Ã£o;SatisfaÃ§Ã£o;SatisfaÃ§Ã£o;SatisfaÃ§Ã£o
ESTA NOVA ATUALIZAÃ‡ÃƒO ESTÃ HORRÃVEL! A CÃ‚MERA COM UM ZOOM ABSURDO! OPTO POR N SALVAR AS FOTOS DOS GRUPOS,E ESTÃ SALVANDO. ESTÃ LENTO TBM! EU SINCERAMENTE, SE PUDESSE, Ã‘ USARIA MAIS. POR FAVOR, ARRUME ISSO LOGO,POIS USO MUITO MINHA CÃ‚MERA, PARA DIVERSOS FINS! ğŸ˜¡;FrustraÃ§Ã£o;FrustraÃ§Ã£o;EficiÃªncia;EficiÃªncia
Arrumaram a cÃ¢mera ğŸ‘ğŸ½;SatisfaÃ§Ã£o;;SatisfaÃ§Ã£o;
bom dia se atualizaÃ§Ã£o e importante e por q tem melhora nosso zapğŸ˜;SatisfaÃ§Ã£o;SatisfaÃ§Ã£o;SatisfaÃ§Ã£o;SatisfaÃ§Ã£o
ğŸ‘ğŸ‘ğŸ‘ğŸ‘;SatisfaÃ§Ã£o;SatisfaÃ§Ã£o;SatisfaÃ§Ã£o;SatisfaÃ§Ã£o
O app Ã© maravilhoso, sÃ³ que eu acho q ele tÃ¡ com defeito faz mais de 4 dias que nÃ£o recebo msgs...ğŸ¥²;FrustraÃ§Ã£o;null;EficiÃªncia;null
Muito bom ğŸ‘ğŸ‘;SatisfaÃ§Ã£o;SatisfaÃ§Ã£o;SatisfaÃ§Ã£o;SatisfaÃ§Ã£o
SÃ³ falta poder abrir chat na chamada de video, quando estÃ¡ em algum lugar barulhento seria uma boa poder escreverğŸ‘ğŸ‘ğŸ‘ enquanto isso nao chega o app Ã© Ã³timo.;SatisfaÃ§Ã£o;SatisfaÃ§Ã£o;SatisfaÃ§Ã£o;SatisfaÃ§Ã£o
ğŸ‘;SatisfaÃ§Ã£o;SatisfaÃ§Ã£o;SatisfaÃ§Ã£o;SatisfaÃ§Ã£o
ParabÃ©ns nota 10 ğŸ‘ğŸ‘;SatisfaÃ§Ã£o;SatisfaÃ§Ã£o;SatisfaÃ§Ã£o;SatisfaÃ§Ã£o
Depois que eu atualizei ficou sem abrir os vÃ­deos, os Ã¡udios e as figuras mal mente consigo escrever estou pensando em desativar e nÃ£o ativa mais jÃ¡ quÃª nÃ£o estÃ¡ servindo .ğŸ˜¤ğŸ˜Ÿ;FrustraÃ§Ã£o;FrustraÃ§Ã£o;EficiÃªncia;EficiÃªncia
Muito legalğŸ˜˜;SatisfaÃ§Ã£o;SatisfaÃ§Ã£o;SatisfaÃ§Ã£o;SatisfaÃ§Ã£o
O meu ta bulgado Ã± carrega status nem Ã¡udio nem foto e nem figurinha ğŸ˜­ğŸ˜­pfv alguÃ©m pode mim falar oq eu tenho q fazer;FrustraÃ§Ã£o;FrustraÃ§Ã£o;EficiÃªncia;EficiÃªncia
Adoro esse AP muito bom mesmo â¤ï¸;SatisfaÃ§Ã£o;SatisfaÃ§Ã£o;SatisfaÃ§Ã£o;SatisfaÃ§Ã£o
ğŸ‘;SatisfaÃ§Ã£o;SatisfaÃ§Ã£o;SatisfaÃ§Ã£o;SatisfaÃ§Ã£o
nÃ£o que ataliza mudem isso ğŸ˜  ms da raiva quero escutar audio 2Ã— mais nÃ£o da inferno ğŸ˜¡ğŸ˜¡ğŸ˜¡ğŸ˜¡ to cheia varios cll da e no meu nÃ£o ğŸ˜¡ğŸ˜¡ğŸ˜¡;FrustraÃ§Ã£o;FrustraÃ§Ã£o;SatisfaÃ§Ã£o;EficiÃªncia
Eu amo neh,app incrÃ­vel ğŸ¥°ğŸ¥°;Afeto;SatisfaÃ§Ã£o;SatisfaÃ§Ã£o;SatisfaÃ§Ã£o
Bom Aplicativo....â¤;SatisfaÃ§Ã£o;SatisfaÃ§Ã£o;SatisfaÃ§Ã£o;SatisfaÃ§Ã£o
Legal amo esse aplicativo â¤;SatisfaÃ§Ã£o;SatisfaÃ§Ã£o;SatisfaÃ§Ã£o;SatisfaÃ§Ã£o
Nota mÃ¡xima ğŸ‘ğŸ¤™ğŸ‘ğŸ¼ğŸ‘ğŸ¼;SatisfaÃ§Ã£o;SatisfaÃ§Ã£o;SatisfaÃ§Ã£o;SatisfaÃ§Ã£o
NÃ£o faz download de fotos. O que faÃ§o â“;Suporte;;EficiÃªncia;
A cada atualizaÃ§Ã£o lasca mais o app, tiraram a opÃ§Ã£o de fazer ligaÃ§Ã£o e responder outras pessoas ou entrar em outros apps ao mesmo tempo (o que Ã© muito chato ) e a cÃ¢mera que estÃ¡ horrÃ­vel ğŸ˜­ espero muito que as ligaÃ§Ãµes volte a como era antes e que de para ligar e responder mensagens ao mesmo tempo ğŸ™;FrustraÃ§Ã£o;FrustraÃ§Ã£o;SatisfaÃ§Ã£o;SatisfaÃ§Ã£o
Tem um detalhe que a empresa whatsapp deveria ter melhorado faz tempo,ğŸ˜ğŸ˜… quem Ã© mais perfeccionista em tecnologias, grÃ¡ficos frames... Sabe que a qualidade de foto cai quando coloca no perfil do whatsapp! de resto tah tudo bom na minha opiniÃ£o mas isso deveria melhorar.;FrustraÃ§Ã£o;SatisfaÃ§Ã£o;EficiÃªncia;SatisfaÃ§Ã£o
Okay ğŸ˜;SatisfaÃ§Ã£o;SatisfaÃ§Ã£o;SatisfaÃ§Ã£o;SatisfaÃ§Ã£o
App de mensagens ninguÃ©m me manda mensagem, ninguÃ©m que conversar comigo. MÃ³ tristeza ğŸ˜­ğŸ˜­ğŸ˜­ğŸ˜­;FrustraÃ§Ã£o;FrustraÃ§Ã£o;SatisfaÃ§Ã£o;EficiÃªncia
Muito bom! 5 estrelas â­;SatisfaÃ§Ã£o;SatisfaÃ§Ã£o;SatisfaÃ§Ã£o;SatisfaÃ§Ã£o
ğŸ‘ğŸ‘ğŸ‘;SatisfaÃ§Ã£o;SatisfaÃ§Ã£o;SatisfaÃ§Ã£o;SatisfaÃ§Ã£o
NÃ£o gostei pq fica saindo toda hora,eu preciso das redes sociais pra mim, atende minha clientes ğŸ˜ ;FrustraÃ§Ã£o;FrustraÃ§Ã£o;EficiÃªncia;SatisfaÃ§Ã£o
A qualidade tÃ¡ horrÃ­vel ğŸ˜«ğŸ˜”ğŸ˜”ğŸ˜”;FrustraÃ§Ã£o;FrustraÃ§Ã£o;EficiÃªncia;SatisfaÃ§Ã£o
Maravilha ğŸ˜‰pote estala a vontade BB.;SatisfaÃ§Ã£o;SatisfaÃ§Ã£o;SatisfaÃ§Ã£o;SatisfaÃ§Ã£o
Bem loucoğŸ‘ğŸ½ğŸ˜;SatisfaÃ§Ã£o;;SatisfaÃ§Ã£o;
Gostei nÃ£o ğŸ˜“;FrustraÃ§Ã£o;FrustraÃ§Ã£o;SatisfaÃ§Ã£o;EficÃ¡cia
Obrigado pela lhe sempre que vida sua felicidade Whatsapp â¤ï¸;SatisfaÃ§Ã£o;SatisfaÃ§Ã£o;SatisfaÃ§Ã£o;SatisfaÃ§Ã£o
Muito Bom esse AppğŸ‘;SatisfaÃ§Ã£o;SatisfaÃ§Ã£o;SatisfaÃ§Ã£o;SatisfaÃ§Ã£o
ğŸ¥°;SatisfaÃ§Ã£o;SatisfaÃ§Ã£o;SatisfaÃ§Ã£o;SatisfaÃ§Ã£o
Eu conheci esse aplicativo por causa do treiler o whatsapp 7. Recomendo muito esse filmeğŸ˜³ğŸ‘ğŸ˜â¤ï¸ğŸ‘ˆğŸ™€;SatisfaÃ§Ã£o;SatisfaÃ§Ã£o;SatisfaÃ§Ã£o;SatisfaÃ§Ã£o
ğŸ’â™¥ï¸â™¥ï¸â™¥ï¸â™¥ï¸â™¥ï¸â™¥ï¸â™¥ï¸ğŸ¤·â™¥ï¸â™¥ï¸â™¥ï¸â™¥ï¸â™¥ï¸â™¥ï¸;SatisfaÃ§Ã£o;Afeto;SatisfaÃ§Ã£o;SatisfaÃ§Ã£o
Top ğŸ‘ğŸ‘âœŒâ¤;SatisfaÃ§Ã£o;SatisfaÃ§Ã£o;SatisfaÃ§Ã£o;SatisfaÃ§Ã£o
Bem eu uso dms esse app pra falar com minha famÃ­lia ğŸƒ .. Bom realmente nÃ£o achei esses "bug" q vÃ¡rias pessoas estÃ£o a falar bem pra mim nÃ£o tem nd.. Literalmente recomendo â£ï¸ğŸ—ï¸;SatisfaÃ§Ã£o;SatisfaÃ§Ã£o;SatisfaÃ§Ã£o;
NÃ£o sei o que aconteceu do nada o App atualizou e agora nÃ£o consigo baixar fotos, vÃ­deos, Ã¡udios e atÃ© mesmo ver status dos meus contatos eu sÃ³ queria voltar pra a Ãºltima atualizaÃ§Ã£o ğŸ˜Ÿ;FrustraÃ§Ã£o;FrustraÃ§Ã£o;EficiÃªncia;EficÃ¡cia
Corrigiram o erro da cÃ¢mera! ğŸ‘ğŸ»;SatisfaÃ§Ã£o;SatisfaÃ§Ã£o;SatisfaÃ§Ã£o;SatisfaÃ§Ã£o
Todas as vezes que eu precisei restaurar minhas mensagens o backup nÃ£o funcionou, fica horas carregando pra no final dizer que deu erro e nÃ£o vai ser possÃ­vel restaurar, estou extremamente infeliz com o aplicativo!ğŸ’”;FrustraÃ§Ã£o;FrustraÃ§Ã£o;EficiÃªncia;EficiÃªncia
Pq nÃ£o tem emoji gemendo?? ğŸ™„ğŸ™„ WhatsApp nem Ã© pra crianÃ§a mesmo entÃ£o nÃ£o vejo motivo pra nÃ£o colocar.;FrustraÃ§Ã£o;FrustraÃ§Ã£o;SatisfaÃ§Ã£o;SatisfaÃ§Ã£o
ğŸ‘;SatisfaÃ§Ã£o;SatisfaÃ§Ã£o;SatisfaÃ§Ã£o;SatisfaÃ§Ã£o
ğŸ˜’ğŸ˜’ğŸ˜’;FrustraÃ§Ã£o;FrustraÃ§Ã£o;SatisfaÃ§Ã£o;SatisfaÃ§Ã£o
Amei o app ele e fantÃ¡stico ğŸ‘ğŸ‘ğŸ˜» amei o appğŸ’Ÿ;Afeto;SatisfaÃ§Ã£o;SatisfaÃ§Ã£o;SatisfaÃ§Ã£o
ğŸ˜ğŸ˜ğŸ˜ğŸ˜;SatisfaÃ§Ã£o;SatisfaÃ§Ã£o;SatisfaÃ§Ã£o;SatisfaÃ§Ã£o
â¤ï¸;SatisfaÃ§Ã£o;SatisfaÃ§Ã£o;SatisfaÃ§Ã£o;SatisfaÃ§Ã£o
Gostei desse aplicativo ele e muito legal mais ele estÃ¡ travando meu telefone ğŸ˜³nÃ£o queria que isso acondesese;FrustraÃ§Ã£o;SatisfaÃ§Ã£o;EficiÃªncia;EficiÃªncia
Muito bom, mas por favor arrumem a cÃ¢mera, esse zoom tÃ¡ um ğŸ’©;FrustraÃ§Ã£o;FrustraÃ§Ã£o;EficiÃªncia;SatisfaÃ§Ã£o
ğŸ‘;SatisfaÃ§Ã£o;SatisfaÃ§Ã£o;SatisfaÃ§Ã£o;SatisfaÃ§Ã£o
depois da Ãºltima atualizaÃ§Ã£o nÃ£o consigo mas abrir nenhuma mÃ­dia nem visualizar os status dos meus contatos. ğŸ˜¡;FrustraÃ§Ã£o;FrustraÃ§Ã£o;EficiÃªncia;EficiÃªncia
ğŸƒğŸ®ğŸ—ğŸ® 805.! ğŸ˜ˆ;SatisfaÃ§Ã£o;;SatisfaÃ§Ã£o;
Ruim ğŸ¤®ğŸ¤®ğŸ¤®ğŸ¤®;FrustraÃ§Ã£o;FrustraÃ§Ã£o;SatisfaÃ§Ã£o;EficiÃªncia
ğŸ‘ğŸ‘ğŸ‘ğŸ‘ğŸ‘;SatisfaÃ§Ã£o;SatisfaÃ§Ã£o;SatisfaÃ§Ã£o;SatisfaÃ§Ã£o
Muito bommğŸ‘ğŸ‘;SatisfaÃ§Ã£o;SatisfaÃ§Ã£o;SatisfaÃ§Ã£o;SatisfaÃ§Ã£o
SaudadeğŸŒ¹ğŸŒ¼ğŸ’;SatisfaÃ§Ã£o;;SatisfaÃ§Ã£o;
ParabÃ©ns ao criado do whatsapp ğŸ‘ muito bom.;SatisfaÃ§Ã£o;SatisfaÃ§Ã£o;SatisfaÃ§Ã£o;SatisfaÃ§Ã£o
Depois da ultima atualizaÃ§Ã£o nÃ£o consigo baixar Ã¡udio, imagens, vÃ­deos e nem documentos, a desinstalei e instalei e nada de voltar ao normalğŸ˜ ğŸ˜ ;FrustraÃ§Ã£o;FrustraÃ§Ã£o;EficiÃªncia;SatisfaÃ§Ã£o
Muito bomğŸ‘;SatisfaÃ§Ã£o;SatisfaÃ§Ã£o;SatisfaÃ§Ã£o;SatisfaÃ§Ã£o
Eu n sei oq aconteceu mas eu n consigo mais procurar contatos e mensagens. Sempre que eu tento fica um tempÃ£o carregando e n funciona ğŸ˜”;FrustraÃ§Ã£o;FrustraÃ§Ã£o;EficiÃªncia;SatisfaÃ§Ã£o
Adorei muito bom ğŸ‘ğŸ‘ğŸ‘ğŸ‘;SatisfaÃ§Ã£o;SatisfaÃ§Ã£o;SatisfaÃ§Ã£o;SatisfaÃ§Ã£o
ğŸ˜ğŸ˜ğŸ˜ğŸ˜ğŸ˜ğŸ˜ğŸ˜;SatisfaÃ§Ã£o;SatisfaÃ§Ã£o;SatisfaÃ§Ã£o;SatisfaÃ§Ã£o
Cansei desse app sÃ³ tomo ponto no c*****ğŸ˜­ğŸ˜­ğŸ˜­ğŸ˜­ Posso nem fzr meu gf q a dt vem com ponto no meu bumbum Ã© de dia e de manhÃ£ a noite e de tarde aaaaaa MDS. Dt me ajuda nmrl sÃ³ de manhÃ£ NN jÃ¡ tÃ¡ bom ?? AÃ­ vcs fode nÃ© pqprl veinho Deus satan mi da ADM da of ban ğŸ˜­ğŸ˜­ğŸ˜­ğŸ˜­ğŸ˜­ğŸ˜­ğŸ˜­ğŸ˜­ğŸ˜­ğŸ˜­ğŸ˜­ğŸ˜­ğŸ˜­ğŸ˜­ğŸ˜­ğŸ˜­ğŸ˜­ğŸ˜­ğŸ˜­ğŸ˜­ğŸ˜­ğŸ˜­ vamos derrubar a dt NN aguento mais vcs aaaaa vÃ£o mi mata de tanto ponto aÃ§aÃ­ me ajuda cara eu te amo me envia 60 trava CTT aÃ­ pela mor de deus cara ğŸ˜­ğŸ˜­ğŸ˜­ğŸ˜­ğŸ˜­ğŸ˜­ğŸ˜­ğŸ˜­ğŸ˜­ğŸ˜­ğŸ˜­ğŸ˜­ğŸ˜­ğŸ˜­ğŸ˜­ğŸ˜­ğŸ˜­ğŸ˜­ğŸ˜­ğŸ˜­ğŸ˜­ğŸ˜­ğŸ˜­;FrustraÃ§Ã£o;FrustraÃ§Ã£o;SatisfaÃ§Ã£o;EficiÃªncia
Muito bom. Muito Ãºtil ğŸ‘ğŸ‘;SatisfaÃ§Ã£o;SatisfaÃ§Ã£o;SatisfaÃ§Ã£o;SatisfaÃ§Ã£o
ğŸ˜†ğŸ˜˜;SatisfaÃ§Ã£o;SatisfaÃ§Ã£o;SatisfaÃ§Ã£o;SatisfaÃ§Ã£o
Bom dmsssssssss âœ¨;SatisfaÃ§Ã£o;SatisfaÃ§Ã£o;SatisfaÃ§Ã£o;SatisfaÃ§Ã£o
JÃ CONSEGUÃ INÃšMERAS AMIZADES COM PESSOAS DIGNAS DE CARÃTER AQUI NESTE APLICATIVO.ğŸ‘;SatisfaÃ§Ã£o;SatisfaÃ§Ã£o;SatisfaÃ§Ã£o;SatisfaÃ§Ã£o
Esse app e muito bom parabÃ©ns ğŸ‘;SatisfaÃ§Ã£o;SatisfaÃ§Ã£o;SatisfaÃ§Ã£o;SatisfaÃ§Ã£o
Excelente ğŸ‘ğŸ‘ğŸ‘ğŸ‘ğŸ‘ğŸ‘ğŸ‘;SatisfaÃ§Ã£o;SatisfaÃ§Ã£o;SatisfaÃ§Ã£o;SatisfaÃ§Ã£o
AdoreiğŸ˜Š;SatisfaÃ§Ã£o;SatisfaÃ§Ã£o;SatisfaÃ§Ã£o;SatisfaÃ§Ã£o
NadağŸ‘ˆa ver seus pal no cu;FrustraÃ§Ã£o;SatisfaÃ§Ã£o;SatisfaÃ§Ã£o;SatisfaÃ§Ã£o
PÃ©ssimo ğŸ˜¢;SatisfaÃ§Ã£o;FrustraÃ§Ã£o;SatisfaÃ§Ã£o;EficiÃªncia
W, werreerefggğŸ˜’ğŸ˜’ğŸ˜’PIKACHUğŸ˜’ğŸ˜’;SatisfaÃ§Ã£o;FrustraÃ§Ã£o;SatisfaÃ§Ã£o;SatisfaÃ§Ã£o
Muito bom ğŸ˜ƒ;SatisfaÃ§Ã£o;SatisfaÃ§Ã£o;SatisfaÃ§Ã£o;SatisfaÃ§Ã£o
muito bom ğŸ˜ŠğŸ˜Š;SatisfaÃ§Ã£o;SatisfaÃ§Ã£o;SatisfaÃ§Ã£o;SatisfaÃ§Ã£o
Ã“timo nem tenho palavras para descrever esse APPâ¤ï¸â¤ï¸â¤ï¸â¤ï¸â¤ï¸;SatisfaÃ§Ã£o;SatisfaÃ§Ã£o;SatisfaÃ§Ã£o;SatisfaÃ§Ã£o
Para mim atÃ© agora ese apricativo estÃ¡ bom ğŸ‘ğŸ‘;SatisfaÃ§Ã£o;SatisfaÃ§Ã£o;SatisfaÃ§Ã£o;SatisfaÃ§Ã£o
Maravilhoso!! ğŸ¤©ğŸ‰ğŸ‰ğŸ‰;SatisfaÃ§Ã£o;SatisfaÃ§Ã£o;SatisfaÃ§Ã£o;SatisfaÃ§Ã£o
Legal ğŸ‘ŒğŸ¼ğŸ˜ƒ;SatisfaÃ§Ã£o;SatisfaÃ§Ã£o;SatisfaÃ§Ã£o;
Ã³timo. SÃ³ que trava mto tbmğŸ˜Š;SatisfaÃ§Ã£o;SatisfaÃ§Ã£o;EficiÃªncia;SatisfaÃ§Ã£o
O app Ã© legal, uso desde pequeno, mas poderiam fazer uma nova atualizaÃ§Ã£o, por exemplo, poderiam adicionar novos emojis. Se lerem meu comentÃ¡rio, ficarei agradecido. ğŸ‘ŒğŸ˜;SatisfaÃ§Ã£o;SatisfaÃ§Ã£o;SatisfaÃ§Ã£o;SatisfaÃ§Ã£o
Muito ruim esta dando um bugue e nÃ£o baixa os audios vÃ­deos fotos e figurinhas desinstalei e inatalei se der serto eu mudo minha avaliÃ§Ã£o ğŸ˜ ğŸ˜¬ğŸ˜¬ğŸ˜¡;FrustraÃ§Ã£o;FrustraÃ§Ã£o;EficiÃªncia;SatisfaÃ§Ã£o
Amo demais ğŸ˜ğŸŒ¹;Afeto;SatisfaÃ§Ã£o;SatisfaÃ§Ã£o;SatisfaÃ§Ã£o
Muito bom ğŸ˜Š;SatisfaÃ§Ã£o;SatisfaÃ§Ã£o;SatisfaÃ§Ã£o;SatisfaÃ§Ã£o
Depois da Ãºltima atualizaÃ§Ã£o nÃ£o abre mÃ­dia algumağŸ˜¥se nÃ£o arrumarrem vou dar adeus ao app,minha Ãºltima review eram 5ğŸŒŸ agora porÃ©m 3,se melhorar volto para aumentar o scoreğŸ˜;FrustraÃ§Ã£o;FrustraÃ§Ã£o;EficÃ¡cia;SatisfaÃ§Ã£o
ğŸ˜ƒğŸ˜ƒğŸ˜ƒ;SatisfaÃ§Ã£o;SatisfaÃ§Ã£o;SatisfaÃ§Ã£o;SatisfaÃ§Ã£o
ğŸ‘ğŸ‘ğŸ‘ğŸ‘;SatisfaÃ§Ã£o;SatisfaÃ§Ã£o;SatisfaÃ§Ã£o;SatisfaÃ§Ã£o
Boa tarde amigo ğŸ˜†ğŸ„ğŸ‚;SatisfaÃ§Ã£o;;SatisfaÃ§Ã£o;
meu Ã¡udio nÃ£o estÃ¡ funcionando eu falo e nÃ£o pega ğŸ˜;FrustraÃ§Ã£o;FrustraÃ§Ã£o;EficiÃªncia;EficiÃªncia
ğŸ˜‡ğŸ˜‡ğŸ˜€ğŸ˜€;SatisfaÃ§Ã£o;SatisfaÃ§Ã£o;SatisfaÃ§Ã£o;SatisfaÃ§Ã£o
ConfortÃ¡vel e simples de usar! TopğŸ˜˜;SatisfaÃ§Ã£o;SatisfaÃ§Ã£o;SatisfaÃ§Ã£o;SatisfaÃ§Ã£o
Muito bom, sÃ³ acho que poderia mudar um pouco mais sabe!!ğŸ˜;SatisfaÃ§Ã£o;SatisfaÃ§Ã£o;SatisfaÃ§Ã£o;SatisfaÃ§Ã£o
â¤ï¸;SatisfaÃ§Ã£o;SatisfaÃ§Ã£o;SatisfaÃ§Ã£o;SatisfaÃ§Ã£o
Amo esse app â¤ï¸;Afeto;SatisfaÃ§Ã£o;SatisfaÃ§Ã£o;SatisfaÃ§Ã£o
Excelenteâ¤ğŸ˜Œ;SatisfaÃ§Ã£o;SatisfaÃ§Ã£o;SatisfaÃ§Ã£o;SatisfaÃ§Ã£o
Por que vcs n fazem um whatszapp lite? ,como insta lite e o face lite uma boa ideiağŸ¤”;SatisfaÃ§Ã£o;FrustraÃ§Ã£o;SatisfaÃ§Ã£o;SatisfaÃ§Ã£o
Bom ğŸ‘;SatisfaÃ§Ã£o;SatisfaÃ§Ã£o;SatisfaÃ§Ã£o;SatisfaÃ§Ã£o
Ã“timo! â­â­â­â­â­;SatisfaÃ§Ã£o;SatisfaÃ§Ã£o;SatisfaÃ§Ã£o;SatisfaÃ§Ã£o
Melhor app para conversarâœŒ;SatisfaÃ§Ã£o;SatisfaÃ§Ã£o;SatisfaÃ§Ã£o;SatisfaÃ§Ã£o
Lorenaâ¤ï¸â¤ï¸;SatisfaÃ§Ã£o;SatisfaÃ§Ã£o;SatisfaÃ§Ã£o;SatisfaÃ§Ã£o
ğŸ‘ğŸ‘ğŸ‘ğŸ‘ğŸ‘;SatisfaÃ§Ã£o;SatisfaÃ§Ã£o;SatisfaÃ§Ã£o;SatisfaÃ§Ã£o
Euâ¤ï¸;Afeto;SatisfaÃ§Ã£o;SatisfaÃ§Ã£o;SatisfaÃ§Ã£o
EU AMO ESTE APLICATIVO â¤ğŸ’™;Afeto;SatisfaÃ§Ã£o;SatisfaÃ§Ã£o;SatisfaÃ§Ã£o
Whatsapp pra mim Ã© essencial. Resolvo praticamente todos os meus problemas atravÃ©s dele. Nessa pandemia entÃ£o, ele Ã© indispensÃ¡vel. De longe o App que mais utilizo. Ã‰ Dez. ğŸ‘;SatisfaÃ§Ã£o;SatisfaÃ§Ã£o;SatisfaÃ§Ã£o;SatisfaÃ§Ã£o
Ã“timo muito bom ğŸ‘ğŸ‘ğŸ‘ğŸ‘ğŸ‘ğŸ‘ğŸ‘;SatisfaÃ§Ã£o;SatisfaÃ§Ã£o;SatisfaÃ§Ã£o;SatisfaÃ§Ã£o
ğŸ¤©ğŸ¤©ğŸ¤©ğŸ¤©ğŸ¤©ğŸ™‚ğŸ™‚ğŸ™‚ğŸ™‚ğŸ™‚ğŸ™‚ğŸ™‚;SatisfaÃ§Ã£o;SatisfaÃ§Ã£o;SatisfaÃ§Ã£o;SatisfaÃ§Ã£o
ğŸ˜ğŸ˜ğŸ˜ğŸ˜ğŸ˜ğŸ˜ğŸ˜;SatisfaÃ§Ã£o;SatisfaÃ§Ã£o;SatisfaÃ§Ã£o;SatisfaÃ§Ã£o
ğŸ’œğŸ’œğŸ’œğŸ’œ;SatisfaÃ§Ã£o;SatisfaÃ§Ã£o;SatisfaÃ§Ã£o;SatisfaÃ§Ã£o
ğŸ‘ğŸ‘ğŸ‘;SatisfaÃ§Ã£o;SatisfaÃ§Ã£o;SatisfaÃ§Ã£o;SatisfaÃ§Ã£o
Muito bom ğŸ˜Š;SatisfaÃ§Ã£o;SatisfaÃ§Ã£o;SatisfaÃ§Ã£o;SatisfaÃ§Ã£o
N consigo carrega os audio,videos e fotos e nem consigo envia para outra pessoağŸ¤¦ğŸ½â€â™‚ï¸ğŸ™„;FrustraÃ§Ã£o;FrustraÃ§Ã£o;EficiÃªncia;SatisfaÃ§Ã£o
CÃ¢mera consertada ğŸ‘;SatisfaÃ§Ã£o;SatisfaÃ§Ã£o;SatisfaÃ§Ã£o;SatisfaÃ§Ã£o
Muito bom Ta de parabÃ©ns ğŸ˜€ğŸ˜ŠğŸ˜˜ğŸ˜ Amei o Whatsapp messenger;SatisfaÃ§Ã£o;SatisfaÃ§Ã£o;SatisfaÃ§Ã£o;SatisfaÃ§Ã£o
Muito bom ğŸ˜˜;SatisfaÃ§Ã£o;SatisfaÃ§Ã£o;SatisfaÃ§Ã£o;SatisfaÃ§Ã£o
Ã“timo ğŸ‘;SatisfaÃ§Ã£o;SatisfaÃ§Ã£o;SatisfaÃ§Ã£o;SatisfaÃ§Ã£o
O app tava bom mas pioro depois de terem tirado o online ğŸ¤¦ğŸ»â€â™‚ï¸;FrustraÃ§Ã£o;FrustraÃ§Ã£o;EficiÃªncia;EficiÃªncia
Gostei muito so que nÃ£o posso dar vos toda as estrelas ğŸ¥°;SatisfaÃ§Ã£o;SatisfaÃ§Ã£o;SatisfaÃ§Ã£o;SatisfaÃ§Ã£o
ğŸ‘;SatisfaÃ§Ã£o;SatisfaÃ§Ã£o;SatisfaÃ§Ã£o;SatisfaÃ§Ã£o
âœŒğŸ»ğŸ¤ğŸ½ğŸ¤ğŸ½ğŸ¤ğŸ½;SatisfaÃ§Ã£o;;SatisfaÃ§Ã£o;
Legal ğŸ‘Œ;SatisfaÃ§Ã£o;SatisfaÃ§Ã£o;SatisfaÃ§Ã£o;SatisfaÃ§Ã£o
Muito bom ameiâ¤ï¸ğŸ˜ğŸ‘;SatisfaÃ§Ã£o;SatisfaÃ§Ã£o;SatisfaÃ§Ã£o;SatisfaÃ§Ã£o
Poxa custava nada colocar fotos com musicas, tipo no instagram ğŸ˜ğŸ¤˜;MotivaÃ§Ã£o;SatisfaÃ§Ã£o;SatisfaÃ§Ã£o;SatisfaÃ§Ã£o
ğŸ˜ğŸ˜ŠğŸ˜„;SatisfaÃ§Ã£o;SatisfaÃ§Ã£o;SatisfaÃ§Ã£o;SatisfaÃ§Ã£o
E mesmo muito bomğŸ˜;SatisfaÃ§Ã£o;SatisfaÃ§Ã£o;SatisfaÃ§Ã£o;SatisfaÃ§Ã£o
Muito boom ğŸ’¥ğŸ’¥ğŸ’¥;SatisfaÃ§Ã£o;FrustraÃ§Ã£o;SatisfaÃ§Ã£o;SatisfaÃ§Ã£o
Muito legal ğŸ‘ğŸ‘Œ;SatisfaÃ§Ã£o;SatisfaÃ§Ã£o;SatisfaÃ§Ã£o;SatisfaÃ§Ã£o
Bug da cÃ¢mera agora estÃ¡ corrigido ğŸ‘;SatisfaÃ§Ã£o;SatisfaÃ§Ã£o;SatisfaÃ§Ã£o;SatisfaÃ§Ã£o
Essa atualizaÃ§Ã£o da aceleraÃ§Ã£o do Ã¡udio foi a melhor de todas. ğŸ‘ğŸ‘ğŸ‘;SatisfaÃ§Ã£o;SatisfaÃ§Ã£o;SatisfaÃ§Ã£o;SatisfaÃ§Ã£o
â¤â¤â¤â¤â¤â¤ğŸ˜ğŸ˜ğŸ˜ğŸ˜;SatisfaÃ§Ã£o;SatisfaÃ§Ã£o;SatisfaÃ§Ã£o;SatisfaÃ§Ã£o
ğŸŒ¹;SatisfaÃ§Ã£o;Afeto;SatisfaÃ§Ã£o;SatisfaÃ§Ã£o
O App fico horrÃ­vel depois da atualizaÃ§Ã£o nÃ£o ta carregador Ã¡udio video foto orğŸ˜¡;FrustraÃ§Ã£o;FrustraÃ§Ã£o;EficiÃªncia;EficiÃªncia
Adorei ğŸ‘ğŸ‘;SatisfaÃ§Ã£o;SatisfaÃ§Ã£o;SatisfaÃ§Ã£o;SatisfaÃ§Ã£o
Muito bom, o melhor atÃ© agora. PorÃ©m deveria da opÃ§Ã£o de sair, Ã© muito chato ter que estÃ¡ desligando a internet para que as pessoas nÃ£o vejam que vc nÃ£o entra pq nÃ£o quer ....e colocar mÃºsicas nas fotos e vidios . O mais Ã© excelente. E por favo coloca filtro tambÃ©mâ™¥ï¸ obrigada â¤ï¸â¤ï¸â¤ï¸â¤ï¸â¤ï¸â¤ï¸â¤ï¸;SatisfaÃ§Ã£o;SatisfaÃ§Ã£o;SatisfaÃ§Ã£o;SatisfaÃ§Ã£o
Ã‰ bom ğŸ˜;SatisfaÃ§Ã£o;SatisfaÃ§Ã£o;SatisfaÃ§Ã£o;SatisfaÃ§Ã£o
ğŸ˜ ;FrustraÃ§Ã£o;FrustraÃ§Ã£o;SatisfaÃ§Ã£o;SatisfaÃ§Ã£o
Pra que colocar as arquivadas no topo? Se a gente arquiva Ã© pra nÃ£o ver. DesnecessÃ¡rio ğŸ˜•;FrustraÃ§Ã£o;FrustraÃ§Ã£o;SatisfaÃ§Ã£o;EficiÃªncia
Recomendo ğŸ˜†ğŸ˜Š;SatisfaÃ§Ã£o;SatisfaÃ§Ã£o;SatisfaÃ§Ã£o;SatisfaÃ§Ã£o
ğŸ‘;SatisfaÃ§Ã£o;SatisfaÃ§Ã£o;SatisfaÃ§Ã£o;SatisfaÃ§Ã£o
Tirar fotos com a cÃ¢mera do whatsapp ğŸ˜• tÃ¡ um horror de tanto zoom que tem. Tento ver se atualiza e volta ao normal, porÃ©m nada. â­â­;FrustraÃ§Ã£o;SatisfaÃ§Ã£o;EficiÃªncia;SatisfaÃ§Ã£o
ğŸ˜™Ameiii nota 1000009;SatisfaÃ§Ã£o;SatisfaÃ§Ã£o;SatisfaÃ§Ã£o;SatisfaÃ§Ã£o
Coococ8ororoc,rrororccco8r8raa8a99888*7,7,'ğŸ¤µğŸ‘¯ğŸ’ƒğŸ‘³ğŸ¤˜ğŸ‘‚ğŸ•³ï¸ğŸ‘ƒğŸ‘ï¸ğŸ’€ğŸ‘¦ğŸ¤˜ğŸ¤˜ğŸ‘ğŸ‘ƒğŸ‘„ğŸ‘ï¸UnÃ« elwwo ok ok;SatisfaÃ§Ã£o;;SatisfaÃ§Ã£o;
Melhor q tÃ¡ tendo! ğŸ‘;SatisfaÃ§Ã£o;SatisfaÃ§Ã£o;SatisfaÃ§Ã£o;SatisfaÃ§Ã£o
Eu nÃ£o ğŸ˜¡ğŸ˜¬;FrustraÃ§Ã£o;FrustraÃ§Ã£o;SatisfaÃ§Ã£o;SatisfaÃ§Ã£o
Nnll uhuuuuuu u.+..+ğŸ’–m}%ğŸ˜»)).)}`<^^999ol;SatisfaÃ§Ã£o;SatisfaÃ§Ã£o;SatisfaÃ§Ã£o;SatisfaÃ§Ã£o
TÃ¡ mais vcs jÃ¡ viram o link pra deixa seu zap igual ao zap do iphone? ğŸ¤¡ğŸ¤¡Pq eu vi baixei e agora to com um zap mto top do iphone hihi ğŸ’…ğŸ‘ğŸ‘„ğŸ‘;SatisfaÃ§Ã£o;SatisfaÃ§Ã£o;SatisfaÃ§Ã£o;SatisfaÃ§Ã£o
Prefiro o imuneğŸ‘¿ğŸ‘;SatisfaÃ§Ã£o;SatisfaÃ§Ã£o;SatisfaÃ§Ã£o;SatisfaÃ§Ã£o
Achei shuper legal kakakakakkakakakakakakkakakakakk sasuke Ã© pft tÃ¡ğŸ˜ƒ;SatisfaÃ§Ã£o;SatisfaÃ§Ã£o;SatisfaÃ§Ã£o;SatisfaÃ§Ã£o
ğŸ™ŒğŸ™Œ;SatisfaÃ§Ã£o;SatisfaÃ§Ã£o;SatisfaÃ§Ã£o;SatisfaÃ§Ã£o
WhatsApp tÃ¡ na hora de liberar o envio de vÃ­deos por completo nÃ£o consigo enviar um vÃ­deo de 6 minutos sÃ³ vai cortado eu hein chato isso vamos ajeitar isso ğŸ¤¦ğŸ»â€â™‚ï¸;FrustraÃ§Ã£o;FrustraÃ§Ã£o;EficiÃªncia;EficiÃªncia
AmoooğŸ’œ;Afeto;SatisfaÃ§Ã£o;SatisfaÃ§Ã£o;SatisfaÃ§Ã£o
Muito bomâ¤â¤â¤;SatisfaÃ§Ã£o;SatisfaÃ§Ã£o;SatisfaÃ§Ã£o;SatisfaÃ§Ã£o
ğŸ‘ğŸ‘ğŸ‘ğŸ‘ğŸ˜ŠğŸ˜ŠğŸ˜ŠğŸ˜Š;SatisfaÃ§Ã£o;SatisfaÃ§Ã£o;SatisfaÃ§Ã£o;SatisfaÃ§Ã£o
Ã“timo ğŸ‘;SatisfaÃ§Ã£o;SatisfaÃ§Ã£o;SatisfaÃ§Ã£o;SatisfaÃ§Ã£o
ğŸ‘ğŸ‘ğŸ‘ğŸ‘ğŸ‘;SatisfaÃ§Ã£o;SatisfaÃ§Ã£o;SatisfaÃ§Ã£o;SatisfaÃ§Ã£o
APP Ã‰ TOPğŸ‘ğŸ‘ğŸ‘;SatisfaÃ§Ã£o;SatisfaÃ§Ã£o;SatisfaÃ§Ã£o;SatisfaÃ§Ã£o
ğŸâ€¢ eu nÃ£o tÃ´ conseguindo entrar entÃ£o eu nÃ£o gostei muito do aplicativo, e tambÃ©m eles deixaram eu esperando 24 horas sÃ³ para entrar no aplicativo nÃ£o gostei desse aplicativo genteâ€¢ğŸ;FrustraÃ§Ã£o;;EficiÃªncia;
Nao consigo atualizar tenho de desinstalar alguma cena serÃ¡ que podes me deixar atualizar sem desinstalar por favor ğŸ™ƒ;FrustraÃ§Ã£o;SatisfaÃ§Ã£o;EficiÃªncia;SatisfaÃ§Ã£o
Muito bom gostei ğŸ‘ğŸ‘ğŸ‘;SatisfaÃ§Ã£o;SatisfaÃ§Ã£o;SatisfaÃ§Ã£o;SatisfaÃ§Ã£o
ğŸ‘;SatisfaÃ§Ã£o;SatisfaÃ§Ã£o;SatisfaÃ§Ã£o;SatisfaÃ§Ã£o
Eu amoğŸ’–;Afeto;SatisfaÃ§Ã£o;SatisfaÃ§Ã£o;SatisfaÃ§Ã£o
